Date,Meal,Calories,Fat (g),Saturated Fat,Polyunsaturated Fat,Monounsaturated Fat,Trans Fat,Cholesterol,Sodium (mg),Potassium,Carbohydrates (g),Fiber,Sugar,Protein (g),Vitamin A,Vitamin C,Calcium,Iron,Note
2024-08-08,Breakfast,490.7,25.3,5.7,6.7,9.2,0.0,0.0,243.0,445.3,18.0,3.8,7.6,64.3,130.0,220.4,49.2,6.5,
2024-08-08,Dinner,60.0,0.0,0.0,0.0,0.0,0.0,0.0,0.0,0.0,14.0,0.0,0.0,0.0,0.0,0.0,0.0,0.0,
2024-08-08,Lunch,1607.6,65.3,8.9,0.8,7.9,0.0,0.0,150.0,243.5,177.0,4.0,20.9,57.4,100.0,208.5,5.0,0.0,
2024-08-09,Breakfast,1104.1,73.1,17.3,7.1,23.3,0.0,648.0,491.0,1193.3,38.7,12.6,10.1,89.7,40.5,26.9,56.9,21.2,
2024-08-09,Lunch,1177.0,37.8,8.2,5.3,17.5,0.0,172.0,1125.7,1885.0,47.8,13.6,22.4,172.0,86.1,350.5,76.7,34.7,
2024-08-10,Breakfast,1174.2,75.2,18.9,7.2,23.7,0.0,648.0,350.7,1333.5,48.3,15.3,17.3,89.5,40.6,25.2,57.8,26.2,
2024-08-10,Lunch,621.0,20.1,3.7,2.0,11.5,0.0,215.0,937.2,1385.3,34.1,7.9,6.9,78.6,25.2,305.3,12.5,17.7,
2024-08-11,Breakfast,520.0,26.2,6.8,8.9,8.5,0.0,0.0,80.2,280.3,16.3,3.2,10.2,56.0,130.0,220.4,34.2,6.5,
2024-08-11,Dinner,195.2,8.0,2.2,1.7,3.1,0.0,0.0,80.1,150.0,4.7,1.5,1.2,27.3,30.0,0.0,31.3,5.8,
2024-08-11,Lunch,1362.2,81.5,9.6,3.2,14.1,0.0,463.5,1068.5,1035.8,30.2,4.5,23.5,120.0,20.0,51.9,8.7,17.0,
2024-08-12,Breakfast,1139.7,75.0,18.9,7.1,23.7,0.0,648.0,331.2,1280.8,41.8,14.0,12.1,88.6,140.6,235.4,60.1,24.1,
2024-08-12,Lunch,849.6,60.4,15.5,23.3,19.4,0.0,0.0,80.2,237.5,9.5,2.2,4.1,64.9,130.1,208.5,34.5,8.7,
2024-08-13,Breakfast,1139.7,75.0,18.9,7.1,23.7,0.0,648.0,331.2,1280.8,41.8,14.0,12.1,88.6,140.6,235.4,60.1,24.1,
2024-08-13,Dinner,388.9,33.6,8.1,12.2,12.0,0.0,0.0,1.5,329.5,15.5,3.8,10.8,7.2,0.0,0.6,8.0,6.8,
2024-08-13,Lunch,1215.6,78.2,8.7,2.8,12.7,0.0,377.5,725.5,1042.3,34.1,4.6,13.7,91.9,100.0,253.8,9.1,11.9,
2024-08-14,Breakfast,395.8,10.9,3.3,1.8,3.6,0.0,0.0,99.7,420.5,22.6,4.5,14.8,53.6,130.1,218.7,35.1,11.5,
2024-08-14,Lunch,1615.9,73.5,11.3,5.1,20.8,0.0,360.8,1106.3,1796.3,80.7,8.7,18.4,159.9,130.1,287.2,42.5,22.4,
2024-08-15,Breakfast,894.9,69.8,17.2,6.3,22.0,0.0,853.5,315.5,1235.0,37.2,12.8,9.1,43.1,110.5,223.5,32.6,19.4,
2024-08-15,Dinner,1406.2,76.0,14.4,14.7,15.6,0.0,0.0,149.6,764.4,94.1,40.0,38.7,107.6,148.5,219.4,61.4,7.1,
2024-08-16,Breakfast,1046.0,64.5,15.6,5.4,20.2,0.0,648.0,251.1,1055.8,88.2,11.8,63.8,40.4,110.5,401.9,28.1,15.4,
2024-08-16,Lunch,604.0,29.9,7.1,1.3,11.9,0.0,117.5,241.4,949.1,41.0,8.7,8.0,47.8,53.5,318.0,19.9,34.1,
2024-08-17,Breakfast,699.3,46.0,11.7,16.9,15.3,0.0,0.0,120.2,237.5,9.5,2.6,3.6,61.4,145.1,208.5,49.5,8.7,
2024-08-17,Dinner,654.4,43.3,8.4,2.5,4.7,0.0,0.0,259.5,364.3,20.2,5.4,8.5,57.0,45.1,0.0,49.8,14.1,
2024-08-17,Lunch,822.4,34.9,6.4,3.8,21.1,0.0,399.9,818.1,1391.6,54.5,7.0,14.4,75.8,0.0,78.7,8.2,15.1,
2024-08-18,After Workout Protein,350.8,12.7,3.5,2.5,4.7,0.0,0.0,120.2,225.0,8.1,2.6,2.3,52.9,45.1,0.0,47.0,8.7,
2024-08-18,Breakfast,881.6,68.0,10.7,6.3,22.1,0.0,822.0,315.5,1121.8,27.8,11.8,10.0,46.2,110.5,235.4,30.5,20.1,
2024-08-18,Dinner,1405.1,70.3,12.6,5.7,27.5,0.0,172.0,995.1,1865.6,81.4,19.0,34.9,120.9,52.9,308.0,75.9,26.6,
2024-08-19,After Workout Protein,350.8,12.7,3.5,2.5,4.7,0.0,0.0,120.2,225.0,8.1,2.6,2.3,52.9,45.1,0.0,47.0,8.7,
2024-08-19,Breakfast,812.9,64.5,15.6,5.4,20.2,0.0,648.0,251.0,1055.8,34.3,11.8,9.9,36.4,110.5,235.4,28.1,15.4,
2024-08-19,Lunch,954.7,27.2,6.9,3.2,7.0,0.0,601.9,996.3,2428.5,85.7,40.0,18.3,111.2,41.7,418.9,28.0,27.7,
2024-08-20,Breakfast,1139.7,75.0,18.9,7.1,23.7,0.0,648.0,331.2,1280.8,41.8,14.0,12.1,88.6,140.6,235.4,60.1,24.1,
2024-08-20,Lunch,830.1,41.9,14.4,8.9,12.2,0.0,616.5,283.5,1210.0,36.8,7.2,20.7,82.2,30.1,66.8,44.2,25.6,
2024-08-21,Breakfast,1139.7,75.0,18.9,7.1,23.7,0.0,648.0,331.2,1280.8,41.8,14.0,12.1,88.6,140.6,235.4,60.1,24.1,
2024-08-21,Dinner,0.0,0.0,0.0,0.0,0.0,0.0,0.0,40.0,0.0,0.0,0.0,0.0,0.0,0.0,0.0,0.0,0.0,
2024-08-21,Lunch,938.5,50.4,10.0,0.2,0.3,0.0,0.0,1290.0,1812.3,51.2,14.0,25.0,78.7,9.0,529.2,15.2,16.2,
2024-08-22,Breakfast,1211.2,80.0,20.5,8.0,25.6,0.0,853.5,395.7,1359.3,42.3,14.0,12.2,94.8,240.6,443.9,65.0,28.8,
2024-08-22,Dinner,8.0,0.1,0.0,0.0,0.0,0.0,0.0,0.0,40.0,0.3,0.0,0.0,0.1,0.0,100.0,0.0,0.0,
2024-08-22,Lunch,1053.0,67.1,11.7,2.6,21.3,0.0,75.7,1207.5,1170.8,35.1,8.0,20.1,82.3,103.1,399.4,9.6,9.0,
2024-08-23,Breakfast,1211.2,80.0,20.5,8.0,25.6,0.0,853.5,395.7,1346.8,42.3,14.0,12.2,94.8,140.6,235.4,62.5,28.8,
2024-08-23,Lunch,976.6,60.5,9.3,3.5,23.8,0.0,228.8,954.7,1621.9,34.1,9.7,19.8,85.2,100.0,287.2,10.3,13.3,
2024-08-24,Breakfast,1614.7,75.8,22.0,6.3,25.3,0.0,156.2,537.7,1250.0,89.7,10.6,66.6,149.8,30.1,79.4,37.7,53.2,
2024-08-24,Lunch,371.9,30.2,3.4,0.0,0.0,0.0,0.0,91.7,71.4,15.0,1.6,11.5,7.9,0.0,0.0,1.4,2.8,
2024-08-25,Breakfast,1330.6,70.8,16.8,5.7,20.3,0.0,662.9,272.0,2835.3,132.8,13.9,88.3,52.0,110.5,724.9,86.4,18.2,
2024-08-25,Lunch,1518.8,50.4,12.3,2.2,19.8,0.0,206.2,720.8,995.0,183.9,14.0,91.6,87.2,7.2,35.6,5.0,63.6,
2024-08-26,Breakfast,1950.2,100.3,19.2,7.7,23.7,0.0,648.0,407.2,2807.3,186.9,26.5,119.8,101.2,142.4,272.1,84.7,37.3,
2024-08-26,Lunch,651.1,25.8,3.4,2.0,19.9,0.0,0.0,0.0,117.8,12.1,3.5,7.8,57.6,0.0,11.9,0.4,0.7,
2024-08-27,Breakfast,1312.7,80.2,20.5,8.2,25.7,0.0,853.5,397.5,1540.8,69.4,19.5,29.6,95.4,42.4,34.6,76.0,29.1,
2024-08-27,Lunch,1020.3,49.6,4.1,2.5,23.7,0.0,0.0,49.7,461.4,36.4,7.0,15.1,70.2,0.0,7.1,4.9,1.2,
2024-08-28,Breakfast,1317.2,80.2,20.5,8.2,25.7,0.0,853.5,398.0,1552.8,70.4,19.6,29.6,95.6,42.4,36.2,76.5,29.4,
2024-08-28,Lunch,1038.8,41.5,7.3,4.2,27.4,0.0,411.0,129.0,480.8,31.3,6.0,19.3,91.3,0.0,11.9,7.7,10.0,
2024-08-29,Breakfast,1290.7,80.7,20.5,8.0,25.7,0.0,853.5,395.7,1683.1,61.9,17.0,26.1,96.3,40.6,38.8,62.9,29.5,
2024-08-29,Lunch,1037.5,44.7,4.1,2.5,23.8,0.0,0.0,99.4,578.6,47.7,9.0,14.8,70.7,0.0,26.1,5.2,3.1,
2024-08-30,Breakfast,1260.7,86.6,21.4,8.0,25.6,0.0,853.5,421.9,1380.7,42.7,14.7,12.3,94.3,40.6,26.9,60.9,30.6,
2024-08-30,Lunch,1105.5,48.1,4.1,2.5,23.7,0.0,0.0,99.4,691.8,43.9,10.0,18.7,81.4,0.0,14.2,7.3,2.4,
2024-08-31,Breakfast,1358.7,86.8,21.4,8.0,25.6,0.0,853.5,423.6,1566.5,66.2,18.7,30.1,94.7,42.3,26.9,72.9,30.8,
2024-08-31,Lunch,1054.9,40.5,4.0,2.6,23.8,0.0,0.0,105.7,909.2,52.0,9.6,19.3,76.1,0.0,63.8,7.1,5.0,
2024-09-01,Breakfast,1450.2,91.7,21.7,8.2,25.6,0.0,875.8,377.4,1423.0,60.7,18.3,22.8,110.6,42.4,22.7,75.6,28.4,
2024-09-01,Lunch,662.9,32.3,6.8,7.8,9.5,0.0,8.0,771.9,389.8,33.9,3.4,3.3,57.8,30.1,0.3,36.0,12.1,
2024-09-02,Breakfast,303.7,19.3,6.5,2.7,5.4,0.0,638.8,193.5,198.0,1.8,0.0,0.5,30.7,0.0,0.0,7.2,13.9,
2024-09-02,Dinner,320.8,10.3,3.5,1.7,3.5,0.0,0.0,80.1,225.0,5.7,0.8,1.6,52.2,30.1,0.0,32.0,8.7,
2024-09-02,Lunch,1382.0,47.5,4.0,2.7,23.9,0.0,0.0,306.6,1534.9,86.0,17.6,36.5,99.6,11.6,392.4,31.0,13.2,
2024-09-03,Breakfast,1364.9,79.8,20.6,7.4,23.9,0.0,670.3,333.0,1592.5,77.8,20.6,37.2,101.8,42.4,46.4,74.1,25.1,
2024-09-03,Lunch,906.2,32.2,4.4,2.7,24.0,0.0,0.0,141.0,1711.6,37.7,12.1,20.0,77.9,4.8,434.6,12.6,13.7,
2024-09-04,Breakfast,1083.9,69.9,17.2,6.5,22.2,0.0,853.5,319.0,1501.6,85.4,21.3,45.2,43.6,14.0,34.6,56.0,20.6,
2024-09-04,Lunch,1529.8,58.8,11.5,8.7,34.5,0.0,411.0,290.8,841.5,47.9,13.5,24.2,152.9,31.9,41.1,54.0,19.8,
2024-09-05,Breakfast,1312.7,80.2,20.5,8.2,25.7,0.0,853.5,397.5,1540.8,69.4,19.5,29.6,95.4,42.4,34.6,76.0,29.1,
2024-09-05,Lunch,1317.3,59.8,6.3,10.5,14.4,0.0,401.7,1697.5,1624.9,84.6,16.9,30.2,104.2,1.8,121.3,22.4,7.7,
2024-09-06,Breakfast,631.2,32.0,7.0,9.1,13.5,0.0,0.0,82.4,598.4,36.8,9.0,20.0,56.4,32.1,8.1,51.7,13.2,
2024-09-06,Dinner,417.5,4.5,0.8,0.0,0.0,0.0,0.0,0.0,0.0,90.0,16.3,1.5,12.5,0.0,0.0,0.0,0.0,
2024-09-06,Lunch,1845.5,64.6,16.1,4.4,27.3,0.0,0.0,113.1,610.8,146.3,8.7,18.4,125.4,30.1,56.0,77.9,12.4,
2024-09-07,Breakfast,1741.8,117.5,27.2,9.2,27.5,0.0,1059.0,609.5,1875.8,91.3,25.0,43.0,104.8,43.5,34.6,89.2,39.5,
2024-09-07,Lunch,912.0,41.5,7.3,4.3,27.3,0.0,411.0,129.9,202.1,26.2,7.2,10.1,74.7,0.0,14.7,5.3,10.7,
2024-09-08,Breakfast,1543.2,106.5,24.2,14.7,37.9,0.0,853.5,395.7,1762.2,55.1,18.1,20.9,110.0,41.0,39.1,62.7,33.5,
2024-09-08,Dinner,834.3,40.5,5.2,6.0,28.5,0.0,0.0,299.0,691.2,46.7,12.3,11.9,47.2,0.0,64.4,7.1,3.6,
2024-09-08,Lunch,101.5,0.2,0.0,0.2,0.1,0.0,0.0,1.8,206.5,27.1,5.5,17.4,0.6,1.8,7.7,16.0,0.3,
2024-09-09,Breakfast,1298.4,84.8,19.7,10.1,29.2,0.0,648.0,331.2,1557.1,60.7,17.5,27.5,90.9,40.7,50.7,59.4,27.2,
2024-09-09,Lunch,1191.3,51.3,8.3,8.0,32.6,0.0,411.0,279.1,1299.1,83.3,14.9,44.5,69.6,1.1,56.8,21.1,15.1,
2024-09-10,Breakfast,1273.3,89.9,21.3,11.1,31.2,0.0,853.5,395.7,1273.9,35.7,14.4,5.4,95.6,40.7,15.1,60.6,29.9,
2024-09-10,Lunch,1052.6,42.4,5.4,6.5,29.2,0.0,0.0,299.0,922.2,54.2,14.8,28.0,71.9,0.0,64.4,9.6,3.6,
2024-09-11,Breakfast,1005.3,81.3,18.2,9.8,28.6,0.0,853.5,315.5,1288.1,39.4,14.4,9.7,44.5,10.7,15.2,31.2,21.5,
2024-09-11,Dinner,320.8,10.3,3.5,1.7,3.5,0.0,0.0,80.1,225.0,5.7,0.8,1.6,52.2,30.1,0.0,32.0,8.7,
2024-09-11,Lunch,1310.7,63.3,10.9,11.3,37.8,0.0,616.5,492.5,1007.0,57.2,15.7,29.2,88.5,0.0,76.3,14.7,18.2,
2024-09-12,Breakfast,320.8,10.3,3.5,1.7,3.5,0.0,0.0,80.1,225.0,5.7,0.8,1.6,52.2,30.1,0.0,32.0,8.7,
2024-09-12,Dinner,712.5,38.5,8.0,8.6,10.3,0.0,0.0,180.3,1028.1,35.5,7.9,16.5,60.1,30.1,126.4,41.7,15.6,
2024-09-12,Lunch,994.8,81.0,18.2,9.8,28.7,0.0,853.5,315.5,1174.9,37.0,13.4,10.6,44.0,10.7,27.1,29.1,22.2,
2024-09-13,Breakfast,1349.2,91.0,21.4,11.4,31.8,0.0,853.5,395.7,1513.5,52.9,16.6,20.3,96.6,40.8,38.9,61.6,31.5,
2024-09-13,Lunch,970.6,47.4,4.2,2.7,24.0,0.0,0.0,27.0,1456.8,61.4,9.9,32.0,77.8,0.0,183.6,63.5,9.9,
2024-09-14,Breakfast,1099.9,80.8,18.1,9.8,28.2,0.0,853.5,317.3,1490.5,66.4,19.8,27.1,45.0,12.5,22.9,47.2,21.7,
2024-09-14,Dinner,1272.9,55.9,10.5,8.6,23.3,0.0,0.0,277.1,1268.2,106.2,15.7,35.3,91.6,30.1,34.4,44.7,21.7,
2024-09-14,Lunch,422.3,10.5,3.5,1.9,3.6,0.0,0.0,81.9,431.5,32.8,6.3,19.0,52.8,31.9,7.7,48.0,9.0,
2024-09-15,Breakfast,1120.0,79.6,19.6,7.8,24.9,0.0,853.5,316.6,1379.9,58.3,17.2,26.9,59.2,26.1,84.8,88.4,20.5,
2024-09-15,Lunch,1500.1,50.0,5.4,2.9,5.4,0.0,262.8,1033.0,1693.4,137.3,28.4,42.8,132.1,30.1,202.7,100.2,23.3,
2024-09-16,Breakfast,1381.9,85.4,22.5,8.0,25.5,0.0,853.5,396.8,1570.1,60.4,17.6,23.1,110.6,41.7,15.0,70.0,28.2,
2024-09-16,Dinner,206.0,1.4,0.3,0.5,0.4,0.0,0.0,15.0,270.0,46.7,2.0,6.3,3.3,0.0,11.3,0.2,2.9,
2024-09-16,Lunch,1185.2,57.3,7.3,4.3,27.3,0.0,411.0,379.5,946.4,54.1,12.0,27.0,77.8,1.1,57.4,20.0,11.8,
2024-09-17,Breakfast,175.2,1.6,0.0,0.5,0.2,0.0,0.0,6.2,625.3,38.6,7.3,25.8,3.2,0.7,169.1,17.2,4.7,
2024-09-17,Dinner,789.3,43.7,9.4,1.8,3.9,0.0,0.0,290.2,625.6,34.6,7.8,18.5,71.9,31.2,114.4,65.4,18.6,
2024-09-17,Lunch,1114.8,56.6,9.1,5.2,29.1,0.0,616.5,484.9,1077.4,32.7,10.2,11.5,83.9,0.0,169.9,15.1,19.6,
2024-09-18,Breakfast,1200.4,82.9,22.4,7.5,24.0,0.0,1074.8,393.1,1503.6,81.7,18.8,26.6,52.6,10.5,27.9,34.7,26.9,
2024-09-18,Lunch,1229.8,48.7,5.0,3.0,24.3,0.0,0.0,321.6,896.1,70.4,18.0,35.1,88.0,0.3,203.6,32.4,10.2,
2024-09-18,Mid Morning Snack,320.8,10.3,3.5,1.7,3.5,0.0,0.0,80.1,225.0,5.7,0.8,1.6,52.2,30.1,0.0,32.0,8.7,
2024-09-19,Breakfast,1258.2,77.8,19.2,7.3,23.9,0.0,648.0,344.3,1483.4,68.8,20.0,29.5,88.5,40.6,39.8,59.8,27.0,
2024-09-19,Dinner,8.0,0.1,0.0,0.0,0.0,0.0,0.0,0.0,40.0,0.3,0.0,0.0,0.1,0.0,100.0,0.0,0.0,
2024-09-19,Lunch,1276.8,55.7,9.7,11.0,32.3,0.0,411.0,295.2,793.0,52.3,14.6,27.0,99.8,0.3,45.7,35.5,17.5,
2024-09-20,Breakfast,461.5,10.8,3.5,1.9,3.8,0.0,0.0,85.5,530.0,41.7,7.4,26.5,53.4,30.1,24.8,34.0,11.2,
2024-09-20,Dinner,582.2,39.0,8.5,2.4,14.1,0.0,34.8,1145.9,632.7,20.8,3.4,2.9,37.9,4.0,19.1,2.6,7.3,
2024-09-20,Lunch,1239.1,79.3,17.9,6.6,22.4,0.0,853.5,428.2,1226.7,62.2,15.2,16.8,78.1,10.8,145.5,76.3,25.1,
2024-09-21,Breakfast,1566.4,87.8,20.1,8.3,25.9,0.0,853.5,386.4,1708.7,110.5,25.0,47.6,99.7,40.6,52.7,63.2,32.4,
2024-09-21,Dinner,623.0,25.3,7.3,4.2,6.4,0.0,190.8,1432.6,707.5,20.4,0.6,12.0,82.5,0.0,2.0,3.4,10.3,
2024-09-21,Lunch,258.1,25.5,4.3,0.6,20.5,0.0,0.0,62.7,40.0,4.3,2.1,1.2,2.9,0.0,100.0,0.0,6.3,
2024-09-22,Breakfast,1777.2,98.6,38.0,9.2,23.3,0.0,1130.5,1921.3,1709.0,112.4,7.1,70.2,113.7,97.5,60.3,83.0,55.8,
2024-09-23,Breakfast,981.7,73.2,17.1,8.7,26.3,0.0,853.5,300.7,1219.7,53.5,17.2,20.1,42.3,10.6,28.0,29.9,22.5,
2024-09-23,Lunch,1049.7,44.8,6.5,8.9,28.4,0.0,0.0,321.5,861.2,48.0,16.7,20.4,81.5,2.9,115.6,31.8,10.2,
2024-09-23,Mid Morning Snack,320.8,10.3,3.5,1.7,3.5,0.0,0.0,80.1,225.0,5.7,0.8,1.6,52.2,30.1,0.0,32.0,8.7,
2024-09-24,Breakfast,1087.9,73.4,17.2,8.8,26.4,0.0,853.5,306.1,1406.9,80.8,22.8,37.6,42.9,10.6,40.9,31.5,24.3,
2024-09-24,Lunch,1024.6,47.4,6.3,10.7,29.3,0.0,0.0,328.2,1141.0,71.6,20.6,24.9,60.9,4.0,163.8,33.0,9.9,
2024-09-24,Mid Morning Snack,399.9,18.4,5.4,4.6,6.4,0.0,0.0,80.5,304.1,7.1,1.7,1.9,53.9,30.1,0.1,33.9,10.3,
2024-09-25,Breakfast,981.7,73.2,17.1,8.7,26.3,0.0,853.5,300.7,1219.7,53.5,17.2,20.1,42.3,10.6,28.0,29.9,22.5,
2024-09-25,Lunch,1162.7,45.4,6.5,9.0,28.6,0.0,0.0,318.2,1045.5,78.5,21.5,44.4,78.5,2.0,210.9,43.8,10.1,
2024-09-25,Mid Morning Snack,320.8,10.3,3.5,1.7,3.5,0.0,0.0,80.1,225.0,5.7,0.8,1.6,52.2,30.1,0.0,32.0,8.7,
2024-09-26,Breakfast,1029.5,75.7,18.1,8.7,26.3,0.0,853.5,300.7,1219.7,53.6,17.2,20.1,49.8,10.6,28.0,29.9,22.5,
2024-09-26,Lunch,1616.7,113.0,18.5,5.2,47.4,0.0,0.0,1353.9,1103.7,64.5,16.7,37.1,89.3,6.3,177.8,43.1,7.7,
2024-09-26,Mid Morning Snack,320.8,10.3,3.5,1.7,3.5,0.0,0.0,80.1,225.0,5.7,0.8,1.6,52.2,30.1,0.0,32.0,8.7,
2024-09-27,Breakfast,1016.2,73.4,17.1,8.7,26.4,0.0,853.5,300.7,1337.5,62.1,18.2,27.5,42.8,10.6,39.9,30.3,23.2,
2024-09-27,Lunch,106.2,0.3,0.0,0.2,0.2,0.0,0.0,5.4,187.2,27.4,5.6,17.5,0.7,0.0,12.9,1.6,1.8,
2024-09-27,Mid Morning Snack,320.8,10.3,3.5,1.7,3.5,0.0,0.0,80.1,225.0,5.7,0.8,1.6,52.2,30.1,0.0,32.0,8.7,
2024-09-28,After Workout Protein,464.8,16.4,9.7,0.1,1.1,0.0,0.0,0.1,225.0,18.9,0.0,15.8,61.0,0.1,0.0,47.0,8.7,
2024-09-28,Breakfast,1091.5,69.9,17.4,6.5,22.0,0.0,853.5,322.5,1660.1,89.6,14.0,56.8,44.7,10.5,33.6,31.2,26.4,
2024-09-28,Dinner,124.2,0.2,0.0,0.0,0.0,0.0,0.0,3.6,343.8,32.6,1.6,28.0,1.2,0.0,9.6,1.8,3.6,
2024-09-28,Lunch,1132.3,71.9,10.7,7.9,27.5,0.0,0.0,1116.5,448.9,23.9,7.1,5.7,80.6,6.9,49.9,1.7,3.4,
2024-09-29,After Workout Protein,320.8,10.3,3.5,1.7,3.5,0.0,0.0,80.1,225.0,5.7,0.8,1.6,52.2,30.1,0.0,32.0,8.7,
2024-09-29,Breakfast,863.3,48.6,14.1,4.0,7.6,0.0,853.5,321.9,1193.0,74.2,13.3,43.4,42.2,1.7,79.7,25.7,23.6,
2024-09-29,Dinner,196.0,4.4,2.2,0.4,1.1,0.0,0.0,67.2,407.3,21.1,7.0,10.5,19.5,0.5,46.7,28.2,13.0,
2024-09-29,Lunch,802.5,32.0,4.7,1.1,4.8,0.0,50.6,3297.3,797.7,25.1,12.7,4.6,80.2,4.3,12.4,8.5,18.3,
2024-09-30,Breakfast,544.0,23.2,6.6,6.3,8.0,0.0,0.0,82.4,536.0,31.4,6.2,19.8,55.3,31.8,0.2,47.0,11.5,
2024-09-30,Dinner,378.4,37.1,5.5,3.7,21.0,0.0,0.0,88.8,61.5,8.3,3.5,2.2,6.5,0.2,0.2,1.1,6.6,
2024-09-30,Lunch,963.3,20.0,5.1,0.8,2.3,0.0,22.0,216.4,576.3,59.5,12.9,35.5,93.9,0.2,67.2,44.4,9.7,
2024-10-01,Breakfast,1343.7,80.4,20.5,8.1,25.7,0.0,853.5,397.4,1637.8,74.3,19.1,37.5,95.7,42.3,38.7,72.5,29.7,
2024-10-01,Lunch,1193.8,53.7,8.2,4.6,27.7,0.0,411.0,445.6,840.5,44.8,14.0,18.9,95.5,0.4,101.9,36.2,18.7,
2024-10-01,Mid Morning Snack,17.2,0.2,0.0,0.1,0.0,0.0,0.0,0.4,64.8,3.8,2.1,2.0,0.6,0.0,14.0,1.2,1.4,
2024-10-02,Breakfast,1271.7,80.5,20.5,8.3,25.7,0.0,853.5,396.2,1527.5,56.8,18.4,21.9,95.9,40.9,60.5,61.8,31.4,
2024-10-02,Lunch,1251.5,84.1,12.5,2.9,24.1,0.0,0.0,1157.1,741.4,52.1,14.1,19.7,74.0,0.3,101.8,31.9,9.4,
2024-10-02,Mid Morning Snack,62.5,5.4,3.4,0.0,0.0,0.0,0.0,0.0,0.0,2.1,0.0,0.1,1.2,0.0,0.0,0.0,0.0,
2024-10-03,Breakfast,1406.7,82.1,21.0,8.1,25.7,0.0,853.5,395.9,1683.0,64.1,17.8,27.2,120.3,40.6,38.7,63.0,29.5,
2024-10-03,Lunch,1281.4,81.5,14.7,3.0,24.2,0.0,0.0,1351.0,828.2,53.1,13.1,19.1,86.4,0.3,154.2,29.5,10.1,
2024-10-04,Breakfast,459.2,24.4,6.9,6.8,8.5,0.0,0.0,80.7,363.4,8.2,2.4,2.1,55.2,30.1,0.2,35.4,11.5,
2024-10-04,Dinner,376.6,32.4,4.2,5.4,21.9,0.0,0.0,51.2,328.6,19.7,4.9,6.2,6.3,0.2,108.7,1.7,8.9,
2024-10-04,Lunch,962.9,69.9,17.2,6.7,22.0,0.0,853.5,316.6,1167.1,52.2,17.3,7.8,43.5,10.8,58.8,30.6,23.4,
2024-10-05,Breakfast,894.9,69.8,17.2,6.3,22.0,0.0,853.5,315.5,1222.5,37.2,12.8,9.1,43.1,10.5,15.0,30.1,19.4,
2024-10-05,Dinner,68.0,0.1,0.0,0.0,0.0,0.0,0.0,0.0,40.0,14.3,0.0,0.0,0.1,0.0,100.0,0.0,0.0,
2024-10-05,Lunch,1769.8,72.2,12.1,2.9,15.4,0.0,0.0,80.1,456.0,163.3,7.3,22.5,105.8,30.1,0.0,34.5,8.7,
2024-10-06,Breakfast,425.8,10.7,3.6,1.8,3.5,0.0,0.0,81.3,647.4,32.7,3.9,16.0,53.5,33.6,10.3,37.9,9.0,
2024-10-06,Dinner,124.5,1.0,0.2,0.4,0.3,0.0,0.0,11.3,202.5,28.0,1.5,4.7,2.5,0.0,8.5,0.2,2.2,
2024-10-06,Lunch,1783.9,77.3,12.8,4.1,37.9,0.0,0.0,423.8,917.0,93.4,19.4,39.0,145.5,34.5,79.4,72.3,23.5,
2024-10-07,Breakfast,1312.7,80.5,20.5,8.3,25.5,0.0,853.5,398.2,1527.5,65.8,21.7,26.4,95.8,42.6,46.5,73.8,31.2,
2024-10-07,Lunch,879.4,34.6,4.2,1.8,12.4,0.0,0.0,211.2,881.1,63.1,12.4,19.7,59.0,1.6,75.3,32.6,11.3,
2024-10-08,Breakfast,947.9,69.5,17.2,6.3,22.0,0.0,853.5,317.2,1177.3,49.7,14.8,20.4,42.5,12.2,15.0,39.6,19.6,
2024-10-08,Lunch,843.1,41.3,3.7,7.1,12.4,0.0,0.0,105.9,721.8,42.9,13.2,12.6,54.7,2.1,66.8,8.5,10.9,
2024-10-08,Mid Morning Snack,352.4,10.7,3.5,2.0,3.5,0.0,0.0,80.8,325.9,12.9,4.7,4.6,53.0,30.4,26.3,33.7,11.1,
2024-10-09,Breakfast,931.8,70.4,17.3,6.5,22.1,0.0,853.5,322.9,1639.5,44.7,15.0,14.0,44.6,10.5,65.1,31.9,21.7,
2024-10-09,Dinner,195.2,3.5,0.5,1.1,0.5,0.0,0.0,13.6,556.9,40.3,14.3,15.3,6.7,0.5,93.5,6.4,10.3,
2024-10-09,Lunch,895.8,33.7,4.7,2.0,12.5,0.0,0.0,349.2,1450.2,62.6,17.1,28.9,65.5,1.6,642.1,35.2,14.2,
2024-10-09,Mid Morning Snack,418.8,10.5,3.5,1.7,3.5,0.0,0.0,81.8,410.8,29.2,4.8,19.4,52.6,31.8,0.0,44.0,8.9,
2024-10-10,Breakfast,1298.6,69.0,15.2,13.5,28.2,0.2,11.1,625.4,974.6,151.1,16.6,42.8,28.6,3.4,0.7,63.4,18.8,
2024-10-10,Lunch,990.9,40.5,14.5,0.1,0.0,0.0,336.7,1702.5,876.0,80.9,26.2,0.5,87.1,0.0,22.8,60.0,50.7,
2024-10-11,Breakfast,916.5,40.6,9.8,6.8,14.1,0.2,14.8,570.2,487.3,123.6,7.8,23.7,19.3,1.7,0.3,56.7,7.9,
2024-10-11,Lunch,827.4,34.1,3.5,5.3,10.4,0.1,81.9,734.6,0.0,37.2,2.1,3.0,70.4,188.9,7.9,23.8,3.1,
2024-10-12,Breakfast,1737.5,103.9,32.6,7.3,16.5,1.8,795.2,4266.5,2488.1,106.6,23.0,58.3,89.4,11.5,253.1,67.1,36.6,
2024-10-12,Dinner,226.0,2.6,1.2,0.0,0.0,0.0,0.0,0.1,0.0,2.8,0.0,1.4,48.0,0.0,0.0,0.0,0.0,
2024-10-12,Lunch,616.0,40.0,10.0,0.0,0.0,0.0,0.0,0.0,0.0,61.0,1.0,0.0,4.0,0.0,0.0,0.0,0.0,
2024-10-13,Breakfast,1142.6,74.4,23.2,11.5,25.2,0.1,879.4,949.7,871.4,75.0,14.3,20.5,54.7,0.5,66.1,73.6,32.8,
2024-10-13,Lunch,1335.6,92.0,18.0,1.8,21.0,0.0,177.0,197.7,0.0,51.0,0.0,0.0,82.3,0.0,0.0,0.0,0.0,
2024-10-14,Breakfast,1121.0,85.6,23.8,13.2,36.1,0.2,864.6,735.7,1472.9,56.5,16.2,22.7,50.4,10.5,146.8,64.4,29.8,
2024-10-14,Dinner,409.3,29.5,3.2,8.4,16.3,0.0,0.0,83.7,428.2,35.8,9.7,19.5,7.6,0.2,513.3,5.5,8.6,
2024-10-14,Lunch,786.6,17.4,2.9,0.4,0.4,0.0,0.0,1.3,271.9,39.1,7.5,14.6,83.0,0.4,49.8,4.1,7.5,
2024-10-14,Mid Morning Snack,418.8,10.5,3.5,1.7,3.5,0.0,0.0,81.8,410.8,29.2,4.8,19.4,52.6,31.8,0.0,44.0,8.9,
2024-10-15,Breakfast,857.9,62.8,11.2,6.6,25.2,0.0,822.0,317.2,1177.3,42.7,14.8,20.4,35.7,12.2,15.0,39.6,19.6,
2024-10-15,Dinner,119.5,3.6,0.8,0.4,0.3,0.0,0.0,11.3,202.5,20.0,1.5,4.7,5.1,0.0,8.5,0.2,2.2,
2024-10-15,Lunch,830.5,16.9,2.4,1.8,11.9,0.0,0.0,201.8,636.2,29.6,11.5,18.3,92.5,2.7,101.9,28.4,7.5,
2024-10-15,Mid Morning Snack,427.0,10.6,3.5,1.9,3.7,0.0,0.0,85.5,412.2,33.1,6.4,19.1,52.9,30.1,12.9,33.6,10.5,
2024-10-16,Breakfast,993.9,72.1,19.0,6.3,22.0,0.0,865.5,629.2,1177.3,51.5,14.8,22.2,46.1,14.2,15.0,55.6,35.6,
2024-10-16,Dinner,141.0,4.0,0.9,0.5,0.4,0.0,0.0,15.0,270.0,24.7,2.0,6.3,5.9,0.0,11.3,0.2,2.9,
2024-10-16,Lunch,996.7,35.4,9.0,4.7,17.9,0.0,629.5,810.1,874.0,75.7,18.3,38.6,78.0,3.1,545.6,58.0,37.3,
2024-10-17,Breakfast,599.8,11.5,3.7,2.0,3.7,0.0,0.0,82.5,1305.3,76.8,9.1,45.3,55.8,37.1,44.3,44.7,10.7,
2024-10-17,Dinner,418.8,10.5,3.5,1.7,3.5,0.0,0.0,81.8,410.8,29.2,4.8,19.4,52.6,31.8,0.0,44.0,8.9,
2024-10-17,Lunch,1134.5,74.8,20.2,6.8,22.2,0.0,871.5,850.6,1395.4,64.9,19.6,30.3,65.1,14.0,83.3,78.4,48.9,
2024-10-18,Breakfast,635.8,11.5,3.9,1.9,3.7,0.0,0.0,83.7,1492.4,86.5,10.0,44.8,56.0,40.7,30.8,49.8,9.7,
2024-10-18,Dinner,506.6,11.7,3.2,2.8,3.7,0.0,0.0,84.9,778.2,63.3,20.4,35.0,44.9,30.8,130.6,40.0,21.0,
2024-10-18,Lunch,1146.2,79.4,21.8,7.8,23.8,0.0,1077.0,915.4,1264.0,50.2,18.6,16.7,70.6,13.9,67.1,80.6,52.8,
2024-10-19,Breakfast,1024.1,16.2,2.8,5.7,4.8,0.0,0.0,15.7,1300.2,191.2,27.6,16.8,33.2,3.5,10.3,18.5,57.6,
2024-10-19,Dinner,1544.4,33.6,7.5,5.0,15.2,0.0,0.0,18.9,1344.3,226.9,32.1,61.7,75.9,4.0,175.6,62.4,45.9,
2024-10-19,Lunch,1264.5,84.7,23.5,8.0,25.5,0.0,865.5,707.6,1216.5,33.8,11.6,6.0,105.4,42.6,15.0,75.6,44.1,
2024-10-20,Breakfast,365.8,10.8,3.5,1.7,3.5,0.0,0.0,80.1,456.0,16.7,2.8,8.1,53.2,30.1,0.0,34.5,8.7,
2024-10-20,Dinner,119.0,1.0,0.0,0.5,0.1,0.0,0.0,9.5,215.8,28.2,8.3,17.2,1.9,0.7,56.6,3.4,5.2,
2024-10-20,Lunch,1635.1,103.2,42.3,4.9,36.5,1.0,588.0,339.5,1037.3,85.3,5.5,37.9,94.8,10.3,69.9,17.4,20.9,
2024-10-20,Pre Morning Workout,698.9,11.5,2.3,3.7,3.4,0.0,61.7,29.4,1053.4,130.9,18.4,18.7,22.5,4.2,12.3,15.4,36.2,
2024-10-21,Breakfast,1218.5,24.3,7.3,5.3,6.5,0.0,0.0,93.5,1425.3,182.0,24.2,61.1,78.1,31.2,292.6,61.5,50.7,
2024-10-21,Dinner,152.7,1.6,0.5,0.5,0.0,0.0,0.0,1.3,202.3,19.9,7.8,11.0,16.7,0.5,52.1,23.5,4.8,
2024-10-21,Lunch,1143.1,90.2,18.8,7.3,23.9,0.0,1059.0,380.0,1175.3,35.3,11.8,10.1,60.2,10.5,26.9,30.4,24.7,
2024-10-22,Breakfast,902.7,60.8,17.9,4.0,7.4,0.0,863.7,462.4,490.8,39.6,15.6,12.1,63.2,1.0,49.0,21.7,31.4,
2024-10-22,Dinner,190.6,2.8,0.6,1.0,0.8,0.0,0.0,153.0,540.0,37.4,4.0,12.6,6.6,0.0,22.6,0.4,5.8,
2024-10-22,Lunch,1438.1,53.3,7.6,1.8,12.0,0.0,0.0,126.6,234.1,158.2,10.7,25.9,65.1,0.6,61.2,24.0,5.6,
2024-10-22,Mid Morning Snack,355.3,10.5,3.5,1.7,3.6,0.0,0.0,80.1,342.8,14.3,1.8,9.0,52.7,30.1,11.9,32.4,9.4,
2024-10-23,Breakfast,457.0,12.8,4.9,1.9,4.2,0.0,0.0,81.3,797.4,33.9,3.9,16.0,55.3,33.6,10.3,39.2,14.9,
2024-10-23,Dinner,691.3,18.4,5.1,2.2,3.9,0.0,0.0,95.1,495.0,76.4,2.8,7.9,60.6,30.1,11.3,32.2,11.6,
2024-10-23,Lunch,1276.1,82.8,22.4,7.9,24.1,0.0,1071.0,693.6,1538.9,71.2,22.1,31.7,78.7,13.0,100.3,71.1,47.2,
2024-10-24,Breakfast,966.7,75.7,20.9,6.3,22.0,0.0,871.5,783.5,991.5,29.0,10.8,5.3,55.0,13.5,15.0,51.6,43.4,
2024-10-24,Dinner,211.5,2.9,0.6,0.5,0.4,0.0,0.0,16.7,455.8,45.2,6.0,24.1,5.0,1.7,11.3,12.2,3.1,
2024-10-24,Lunch,777.8,19.0,3.1,1.7,12.0,0.0,0.0,162.6,636.7,40.0,14.2,18.8,79.5,4.2,145.1,26.1,8.0,
2024-10-24,Mid Morning Snack,418.8,10.5,3.5,1.7,3.5,0.0,0.0,81.8,410.8,29.2,4.8,19.4,52.6,31.8,0.0,44.0,8.9,
2024-10-25,Breakfast,1093.0,73.3,19.1,6.4,22.1,0.0,865.5,635.9,1750.4,70.8,12.1,38.7,48.9,12.5,215.6,67.1,36.8,
2024-10-25,Dinner,443.1,10.5,5.2,1.0,2.2,0.0,21.0,288.3,270.1,62.2,6.5,18.5,26.0,0.4,39.7,41.1,10.7,
2024-10-25,Lunch,622.8,37.0,9.8,11.2,12.8,0.0,0.0,81.3,713.0,21.3,5.7,9.0,58.8,30.1,0.5,40.7,14.0,
2024-10-26,Breakfast,964.9,72.3,19.0,6.4,22.2,0.0,865.5,627.5,1227.0,45.1,12.9,19.3,46.7,12.5,38.7,44.5,36.8,
2024-10-26,Dinner,1116.2,35.5,19.5,3.4,9.6,0.0,154.3,1105.4,933.0,169.3,6.9,73.4,39.1,0.3,3.0,42.4,30.8,
2024-10-26,Lunch,1062.6,52.0,15.4,8.6,9.2,2.0,140.0,3201.6,739.6,91.4,5.0,0.6,58.2,0.0,22.0,1.8,5.0,
2024-10-26,Mid Morning Snack,320.8,10.3,3.5,1.7,3.5,0.0,0.0,80.1,225.0,5.7,0.8,1.6,52.2,30.1,0.0,32.0,8.7,
2024-10-27,Breakfast,627.5,30.9,11.2,4.3,9.2,0.0,847.0,428.0,730.3,39.5,8.0,15.6,51.1,0.4,76.8,30.7,24.2,
2024-10-27,Lunch,2116.3,72.0,36.0,0.0,0.0,0.0,210.0,0.0,0.0,288.9,6.0,83.3,78.0,0.0,0.0,0.0,0.0,
2024-10-27,Mid Morning Snack,98.0,0.2,0.0,0.0,0.0,0.0,0.0,1.7,185.8,23.5,4.0,17.8,0.4,1.7,0.0,12.0,0.2,
2024-10-28,Breakfast,963.9,73.7,19.9,6.3,22.0,0.0,871.5,783.5,1222.5,39.9,12.8,11.8,48.5,13.5,15.0,54.1,43.4,
2024-10-28,Lunch,1080.6,51.3,10.0,5.3,19.3,0.0,767.9,1000.0,1494.4,74.3,12.3,24.9,112.3,2.0,49.7,33.7,25.4,
2024-10-28,Mid Morning Snack,320.8,10.3,3.5,1.7,3.5,0.0,0.0,80.1,225.0,5.7,0.8,1.6,52.2,30.1,0.0,32.0,8.7,
2024-10-29,Breakfast,1062.9,80.0,21.8,7.3,23.8,0.0,1077.0,848.0,1288.5,43.4,12.8,11.9,56.0,13.5,15.0,56.5,48.0,
2024-10-29,Lunch,1193.9,47.5,7.0,2.0,2.8,0.0,245.0,902.5,1228.4,99.3,28.6,31.8,131.6,2.1,65.1,25.8,15.1,
2024-10-30,Breakfast,822.6,62.0,17.5,4.6,15.3,0.0,865.5,626.8,820.0,28.1,3.7,9.9,46.0,2.0,66.8,28.1,37.6,
2024-10-30,Lunch,1501.2,79.0,14.0,7.2,22.5,0.0,815.4,1035.7,2433.7,100.2,38.6,27.0,134.1,12.2,91.0,56.3,30.8,
2024-10-30,Mid Morning Snack,472.6,13.9,5.5,1.9,4.6,0.0,0.0,81.3,872.4,34.4,3.9,16.0,56.3,33.6,10.3,39.8,17.8,
2024-10-31,Breakfast,992.4,73.6,19.3,6.4,22.2,0.0,865.5,627.5,1227.0,48.1,12.9,19.3,48.0,12.5,38.7,44.5,36.8,
2024-10-31,Dinner,113.5,2.7,0.6,0.5,0.4,0.0,0.0,15.0,270.0,21.7,2.0,6.3,4.6,0.0,11.3,0.2,2.9,
2024-10-31,Lunch,778.6,45.6,8.9,4.4,17.5,0.0,628.5,506.9,535.2,35.4,12.3,20.6,63.0,2.5,68.4,45.4,35.7,
2024-10-31,Mid Morning Snack,320.8,10.3,3.5,1.7,3.5,0.0,0.0,80.1,225.0,5.7,0.8,1.6,52.2,30.1,0.0,32.0,8.7,
2024-11-01,Breakfast,1003.4,74.8,20.2,6.4,22.0,0.0,871.5,784.5,1068.5,46.4,13.2,15.3,49.5,13.5,31.2,52.2,45.0,
2024-11-01,Dinner,113.5,2.7,0.6,0.5,0.4,0.0,0.0,15.0,270.0,21.7,2.0,6.3,4.6,0.0,11.3,0.2,2.9,
2024-11-01,Lunch,602.4,9.6,2.1,1.9,2.2,0.0,208.7,771.3,1182.8,73.8,13.5,27.4,82.9,1.8,90.7,27.6,13.7,
2024-11-01,Mid Morning Snack,425.8,10.7,3.6,1.8,3.5,0.0,0.0,81.3,647.4,32.7,3.9,16.0,53.5,33.6,10.3,37.9,9.0,
2024-11-02,Breakfast,993.9,72.1,19.0,6.3,22.0,0.0,865.5,629.2,1177.3,51.5,14.8,22.2,46.1,14.2,15.0,55.6,35.6,
2024-11-02,Dinner,175.6,0.7,0.2,0.2,0.2,0.0,0.0,7.5,135.0,38.6,1.0,15.0,4.6,0.0,5.7,0.1,1.4,
2024-11-02,Lunch,1273.3,63.6,14.4,10.0,15.8,0.2,207.5,1671.2,1128.6,98.5,24.1,14.1,70.4,20.1,61.5,192.6,25.5,
2024-11-03,Breakfast,425.8,10.7,3.6,1.8,3.5,0.0,0.0,81.3,647.4,32.7,3.9,16.0,53.5,33.6,10.3,37.9,9.0,
2024-11-03,Dinner,935.3,48.8,10.2,0.1,0.0,3.0,72.0,982.0,422.4,105.6,7.4,71.2,24.7,5.5,10.3,25.9,16.3,
2024-11-03,Lunch,1362.6,76.2,26.2,3.5,8.0,1.8,327.2,1327.6,1078.1,68.4,8.0,54.2,97.1,3.4,0.0,60.0,16.5,
2024-11-03,Mid Morning Snack,172.4,6.2,1.9,1.2,2.3,0.0,0.0,60.1,112.5,3.2,0.6,0.9,26.4,22.5,0.0,23.5,4.4,
2024-11-04,Breakfast,1059.9,73.7,20.0,6.4,22.1,0.0,871.5,793.2,1359.3,63.2,16.5,30.9,48.4,15.2,116.5,65.6,45.0,
2024-11-04,Lunch,1107.4,57.1,8.7,3.7,29.4,0.0,161.7,817.6,1862.6,93.7,20.0,33.8,84.0,1.4,174.4,30.1,19.8,
2024-11-05,Breakfast,1177.7,88.8,25.1,8.2,28.7,0.0,1144.0,784.0,1121.4,36.5,11.9,13.9,65.4,10.5,15.0,72.4,25.8,
2024-11-05,Lunch,862.3,50.1,9.5,4.1,16.8,0.0,542.5,171.8,405.4,45.2,13.5,29.5,62.4,0.5,58.6,10.3,17.6,
2024-11-05,Mid Morning Snack,382.4,10.5,3.5,1.7,3.5,0.0,0.0,80.1,462.1,21.1,3.9,13.8,53.4,44.5,69.7,84.4,8.8,
2024-11-06,Breakfast,1059.0,79.6,22.8,7.0,23.3,0.0,978.2,365.6,1093.7,33.5,12.0,13.9,57.9,10.5,116.6,29.9,23.2,
2024-11-06,Dinner,141.0,3.9,0.8,0.5,0.4,0.0,0.0,15.0,270.0,24.7,2.0,6.3,5.8,0.0,11.3,0.2,2.9,
2024-11-06,Lunch,1184.3,54.8,11.8,5.5,12.5,0.0,747.0,917.0,1925.8,72.3,19.4,26.3,117.3,0.0,70.5,36.8,29.9,
2024-11-06,Mid Morning Snack,320.8,10.3,3.5,1.7,3.5,0.0,0.0,80.1,225.0,5.7,0.8,1.6,52.2,30.1,0.0,32.0,8.7,
2024-11-07,Breakfast,530.8,11.1,3.8,1.9,3.6,0.0,0.0,82.5,1069.9,59.6,6.9,30.5,54.8,37.2,20.5,43.8,9.3,
2024-11-07,Dinner,644.0,38.2,8.3,2.6,25.5,0.0,0.0,155.3,421.6,21.0,4.2,6.4,57.2,30.1,106.6,32.1,17.0,
2024-11-07,Lunch,1206.5,82.1,22.0,8.1,24.0,0.0,1077.0,851.1,1434.0,74.0,24.7,26.7,59.5,13.5,107.7,59.5,56.6,
2024-11-08,Breakfast,1062.0,75.0,20.2,6.3,22.0,0.0,871.5,783.5,1228.6,59.5,15.0,28.5,50.9,27.9,84.7,104.0,43.5,
2024-11-08,Dinner,225.3,4.8,0.9,0.9,0.5,0.0,0.0,16.5,458.9,44.9,9.5,16.7,7.5,0.0,62.1,2.9,7.5,
2024-11-08,Lunch,941.3,52.2,10.5,4.6,17.5,0.0,616.5,212.4,545.3,49.4,15.3,25.9,78.0,18.0,99.1,32.3,21.7,
2024-11-08,Mid Morning Snack,425.8,10.7,3.6,1.8,3.5,0.0,0.0,81.3,647.4,32.7,3.9,16.0,53.5,33.6,10.3,37.9,9.0,
2024-11-09,Breakfast,961.5,72.3,19.0,6.5,22.1,0.0,865.5,628.7,1080.1,44.7,13.6,15.9,46.6,12.5,33.6,44.3,37.2,
2024-11-09,Dinner,1208.2,28.7,7.0,10.2,8.7,0.4,193.7,1616.6,1693.8,187.6,17.6,63.6,56.5,15.1,34.0,36.2,27.9,
2024-11-09,Lunch,715.2,46.9,15.9,6.9,19.1,1.2,137.0,1383.6,800.0,43.7,11.3,25.4,32.6,11.8,0.0,28.6,20.6,
2024-11-09,Mid Morning Snack,425.8,10.7,3.6,1.8,3.5,0.0,0.0,81.3,647.4,32.7,3.9,16.0,53.5,33.6,10.3,37.9,9.0,
2024-11-10,Breakfast,833.1,55.2,17.0,6.4,22.1,0.0,853.5,278.2,1359.3,56.1,15.8,27.0,41.8,12.2,116.5,41.6,21.0,
2024-11-10,Dinner,417.8,11.3,3.7,1.9,3.7,0.0,0.0,87.6,360.0,27.3,2.9,15.7,54.7,30.1,5.7,32.1,10.1,
2024-11-10,Lunch,1097.8,47.3,11.4,9.2,14.5,0.0,20.0,325.9,635.0,31.4,4.5,1.6,73.4,13.9,19.0,26.3,18.7,
2024-11-11,Breakfast,425.8,10.7,3.6,1.8,3.5,0.0,0.0,81.3,647.4,32.7,3.9,16.0,53.5,33.6,10.3,37.9,9.0,
2024-11-11,Dinner,86.0,1.4,0.3,0.5,0.4,0.0,0.0,15.0,270.0,18.7,2.0,6.3,3.3,0.0,11.3,0.2,2.9,
2024-11-11,Lunch,1193.8,80.2,24.1,6.8,22.0,0.0,834.0,629.6,1209.0,57.3,20.2,27.1,69.1,12.5,69.8,67.4,40.5,
2024-11-12,Breakfast,971.6,77.2,22.9,6.3,22.0,0.0,834.0,628.1,991.5,24.4,10.8,4.6,50.6,12.5,15.0,43.6,35.4,
2024-11-12,Dinner,113.5,2.7,0.6,0.5,0.4,0.0,0.0,15.0,270.0,21.7,2.0,6.3,4.6,0.0,11.3,0.2,2.9,
2024-11-12,Lunch,933.6,52.4,10.6,4.4,17.4,0.0,616.5,195.0,666.0,42.5,14.6,24.7,79.0,14.4,130.2,83.5,19.5,
2024-11-12,Mid Morning Snack,425.8,10.7,3.6,1.8,3.5,0.0,0.0,81.3,647.4,32.7,3.9,16.0,53.5,33.6,10.3,37.9,9.0,
2024-11-13,Breakfast,1139.4,83.3,26.7,6.4,22.0,0.0,834.0,629.3,1057.7,49.3,14.0,24.3,56.0,12.5,28.9,44.1,36.7,
2024-11-13,Dinner,165.9,3.0,0.6,0.6,0.4,0.0,0.0,15.9,340.8,35.0,4.2,15.5,5.3,0.0,26.2,0.8,4.3,
2024-11-13,Lunch,874.2,52.1,10.6,4.3,17.4,0.0,616.5,194.9,368.7,28.5,9.4,14.8,77.3,0.0,46.2,29.7,18.0,
2024-11-13,Mid Morning Snack,374.8,10.6,3.5,1.7,3.5,0.0,0.0,80.1,225.0,17.9,1.9,12.6,53.1,30.1,0.0,32.0,8.7,
2024-11-14,Breakfast,998.9,72.3,19.0,6.3,22.0,0.0,865.5,628.4,1084.4,52.0,13.9,24.3,46.8,13.4,15.0,49.6,35.5,
2024-11-14,Dinner,560.3,9.7,3.7,1.2,0.7,0.0,12.0,785.2,832.1,102.7,9.0,35.4,24.3,5.5,36.8,26.7,37.0,
2024-11-14,Lunch,818.4,17.5,2.6,1.5,12.0,0.0,0.0,0.9,370.0,47.2,12.4,32.5,81.3,14.4,108.1,74.6,3.5,
2024-11-14,Mid Morning Snack,425.8,10.7,3.6,1.8,3.5,0.0,0.0,81.3,647.4,32.7,3.9,16.0,53.5,33.6,10.3,37.9,9.0,
2024-11-15,Breakfast,1019.8,23.0,6.9,3.0,5.6,0.0,127.5,907.5,727.2,148.5,4.2,98.5,61.0,43.5,16.9,41.2,11.7,
2024-11-15,Dinner,828.6,32.3,13.0,8.3,7.8,0.5,74.7,873.3,679.5,89.0,7.2,50.9,38.1,14.2,150.6,38.0,14.6,
2024-11-15,Lunch,288.0,4.1,1.4,0.9,0.8,0.0,0.0,16.8,537.5,48.5,9.4,24.6,20.8,0.0,60.9,23.4,10.3,
2024-11-15,Mid Morning Snack,1146.0,91.6,32.0,6.7,22.7,0.0,916.2,654.5,1017.9,25.0,10.8,4.8,61.9,12.5,15.0,44.6,37.2,
2024-11-16,Breakfast,1214.9,77.5,21.0,6.7,22.7,0.0,914.0,1060.6,1203.9,91.0,14.9,50.6,50.4,18.5,17.2,64.7,44.5,
2024-11-16,Dinner,620.4,20.5,1.7,1.3,4.7,0.0,0.0,171.5,668.2,84.0,8.9,24.4,21.9,1.7,18.9,12.7,4.4,
2024-11-16,Lunch,672.1,32.8,4.3,3.4,15.0,0.0,0.0,60.2,57.4,6.5,2.7,2.0,56.7,0.1,0.1,1.0,4.7,
2024-11-16,Mid Morning Snack,226.0,2.6,1.2,0.0,0.0,0.0,0.0,0.1,0.0,2.8,0.0,1.4,48.0,0.0,0.0,0.0,0.0,
2024-11-17,After Workout Protein,320.8,10.3,3.5,1.7,3.5,0.0,0.0,80.1,225.0,5.7,0.8,1.6,52.2,30.1,0.0,32.0,8.7,
2024-11-17,Breakfast,890.9,62.7,13.4,6.3,22.0,0.0,840.0,785.2,1177.3,45.4,14.8,23.1,41.1,15.2,15.0,63.6,43.6,
2024-11-17,Dinner,636.5,28.9,6.7,4.5,8.9,0.0,40.9,526.0,626.5,78.0,7.1,55.8,28.6,3.1,60.2,32.9,32.9,
2024-11-17,Lunch,1204.9,69.0,13.0,2.8,13.8,0.0,349.2,372.8,532.8,58.3,15.9,32.2,89.6,0.0,161.9,31.0,42.9,
2024-11-17,Mid Morning Snack,105.0,0.4,0.1,0.1,0.0,0.0,0.0,1.2,422.4,27.0,3.1,14.4,1.3,3.5,10.3,5.9,0.3,
2024-11-18,Breakfast,1081.6,76.5,20.9,6.3,22.0,0.0,880.8,785.2,1177.3,55.6,14.8,23.2,54.2,15.2,15.0,63.6,43.6,
2024-11-18,Dinner,229.1,3.3,0.6,0.7,0.6,0.0,0.0,19.4,631.8,50.7,6.0,29.5,6.4,0.0,108.3,8.2,4.7,
2024-11-18,Lunch,892.1,18.9,3.4,2.0,12.6,0.0,3.0,323.9,579.9,66.7,16.0,28.2,81.4,0.0,147.5,30.2,13.1,
2024-11-18,Mid Morning Snack,425.8,10.7,3.6,1.8,3.5,0.0,0.0,81.3,647.4,32.7,3.9,16.0,53.5,33.6,10.3,37.9,9.0,
2024-11-19,Breakfast,1000.4,74.8,20.2,6.3,22.0,0.0,871.5,783.5,991.5,44.1,11.9,16.3,49.7,13.5,15.0,51.6,43.4,
2024-11-19,Dinner,199.5,4.1,0.9,1.0,0.8,0.0,0.0,30.0,540.0,40.4,4.0,12.6,7.9,0.0,22.6,0.4,5.8,
2024-11-19,Lunch,982.4,52.7,10.6,4.5,17.5,0.0,616.5,197.2,611.5,53.4,14.5,35.2,79.7,0.0,107.6,35.2,20.3,
2024-11-19,Mid Morning Snack,425.8,10.7,3.6,1.8,3.5,0.0,0.0,81.3,647.4,32.7,3.9,16.0,53.5,33.6,10.3,37.9,9.0,
2024-11-20,Breakfast,1477.0,99.3,28.7,8.8,33.2,0.0,915.1,1225.2,1311.6,90.5,16.4,28.3,68.0,12.5,34.0,50.8,51.9,
2024-11-20,Dinner,373.5,6.1,1.4,1.2,0.6,0.0,0.0,19.0,727.2,64.0,14.5,31.1,24.0,0.0,130.0,29.0,10.2,
2024-11-20,Lunch,871.5,38.4,7.5,3.9,17.3,0.0,616.5,195.2,383.8,28.8,6.5,18.9,71.5,1.7,0.0,19.2,14.1,
2024-11-20,Mid Morning Snack,320.8,10.3,3.5,1.7,3.5,0.0,0.0,80.1,225.0,5.7,0.8,1.6,52.2,30.1,0.0,32.0,8.7,
2024-11-21,Breakfast,1104.4,76.6,20.9,6.4,22.0,0.0,880.8,785.6,1208.1,61.4,15.8,27.2,54.5,15.2,21.5,63.8,44.2,
2024-11-21,Lunch,426.7,18.7,8.6,0.3,0.0,0.0,32.2,367.6,236.7,57.9,2.5,24.5,9.5,0.0,0.0,3.5,8.6,
2024-11-21,Mid Morning Snack,572.9,11.0,3.6,1.8,3.5,0.0,0.0,83.9,926.0,68.0,9.8,42.8,54.1,36.2,10.3,56.0,9.3,
2024-12-09,Breakfast,1027.7,77.3,21.3,6.8,22.8,0.0,963.0,817.3,1199.9,40.1,12.5,13.2,55.5,13.5,116.5,54.6,46.6,
2024-12-09,Dinner,113.5,2.7,0.6,0.5,0.4,0.0,0.0,15.0,270.0,21.7,2.0,6.3,4.6,0.0,11.3,0.2,2.9,
2024-12-09,Lunch,1305.5,18.7,3.0,1.8,12.4,0.0,0.0,408.0,1231.0,162.4,27.0,101.0,90.1,30.8,190.2,147.4,19.3,
2024-12-09,Pre Morning Workout,425.8,10.7,3.6,1.8,3.5,0.0,0.0,81.3,647.4,32.7,3.9,16.0,53.5,33.6,10.3,37.9,9.0,
2024-12-10,Breakfast,1059.9,73.7,20.0,6.4,22.1,0.0,871.5,793.2,1359.3,63.2,16.5,30.9,48.4,15.2,116.5,65.6,45.0,
2024-12-10,Dinner,185.7,6.4,1.0,0.7,0.6,0.0,0.0,75.8,405.0,32.1,4.0,9.4,6.9,0.0,17.0,0.3,4.3,
2024-12-10,Lunch,1285.5,48.1,16.2,2.4,15.1,0.0,195.1,927.0,572.8,123.8,20.1,41.7,89.1,0.2,102.8,32.3,56.1,
2024-12-10,Mid Morning Snack,119.4,0.5,0.0,0.1,0.1,0.0,0.0,2.2,418.0,29.9,5.1,23.8,2.1,14.4,118.2,56.4,1.0,
2024-12-10,Pre Morning Workout,425.8,10.7,3.6,1.8,3.5,0.0,0.0,81.3,647.4,32.7,3.9,16.0,53.5,33.6,10.3,37.9,9.0,
2024-12-11,Breakfast,1215.7,77.5,21.3,6.8,22.8,0.0,963.0,829.0,1385.7,84.6,16.5,46.0,56.9,15.2,116.5,66.6,46.8,
2024-12-11,Dinner,171.3,3.0,0.7,0.5,0.5,0.0,0.0,17.2,450.9,36.3,4.0,17.8,5.4,0.0,59.9,4.2,3.7,
2024-12-11,Lunch,2437.3,79.4,35.1,13.7,20.7,1.8,230.5,4550.8,1897.3,294.1,25.3,52.6,139.1,53.6,71.6,167.9,110.7,
2024-12-11,Mid Morning Snack,157.4,11.6,7.5,0.4,3.7,0.0,2.3,1.7,162.4,11.6,2.5,10.8,1.7,0.0,0.0,1.7,29.0,
2024-12-11,Pre Morning Workout,425.8,10.7,3.6,1.8,3.5,0.0,0.0,81.3,647.4,32.7,3.9,16.0,53.5,33.6,10.3,37.9,9.0,
2024-12-12,Breakfast,1143.2,78.0,21.4,6.9,22.9,0.0,963.0,821.7,1561.8,69.1,16.4,36.3,57.3,13.5,213.5,62.7,48.4,
2024-12-12,Dinner,391.5,2.9,0.6,0.5,0.4,0.0,0.0,36.7,455.8,87.2,6.0,54.1,7.0,1.7,11.3,12.2,3.1,
2024-12-12,Lunch,1001.3,29.3,6.7,0.5,0.0,0.0,83.1,451.0,464.3,94.6,16.4,21.8,80.3,0.2,49.6,29.4,33.0,
2024-12-12,Mid Morning Snack,425.8,10.7,3.6,1.8,3.5,0.0,0.0,81.3,647.4,32.7,3.9,16.0,53.5,33.6,10.3,37.9,9.0,
2024-12-13,Breakfast,425.8,10.7,3.6,1.8,3.5,0.0,0.0,81.3,647.4,32.7,3.9,16.0,53.5,33.6,10.3,37.9,9.0,
2024-12-13,Dinner,93.0,2.0,0.5,0.2,0.2,0.0,0.0,10.0,135.0,17.7,1.0,6.9,3.2,0.0,5.7,0.1,1.4,
2024-12-13,Lunch,991.6,42.9,7.8,4.8,8.6,0.0,25.4,4.8,592.1,109.4,18.0,65.3,47.3,3.6,33.0,74.1,6.2,
2024-12-13,Mid Morning Snack,1096.3,82.0,21.4,6.4,22.1,0.0,871.5,791.5,1173.5,50.6,13.6,14.4,52.5,13.5,116.5,53.6,44.8,
2024-12-14,Breakfast,1074.5,76.0,20.8,6.4,22.1,0.0,871.5,787.9,1353.4,58.0,14.7,28.4,55.6,13.5,112.0,59.7,45.2,
2024-12-14,Dinner,207.5,3.0,0.6,0.5,0.4,0.0,0.0,15.7,564.4,46.0,5.4,27.8,5.6,0.0,105.5,8.3,4.0,
2024-12-14,Lunch,1192.0,68.6,23.0,5.6,18.8,1.0,0.0,156.8,386.0,114.4,10.8,56.8,31.1,11.7,43.2,24.6,9.4,
2024-12-15,Breakfast,469.2,14.3,4.3,1.8,3.5,0.0,0.0,101.5,647.4,34.2,4.1,16.4,54.9,33.6,10.3,37.9,9.0,
2024-12-15,Mid Morning Snack,498.0,12.8,6.0,1.9,3.0,0.3,32.9,648.9,425.2,72.3,6.5,30.1,22.9,9.4,2.5,59.2,15.3,
2024-12-16,Breakfast,1231.9,87.6,28.3,6.8,25.8,0.0,873.8,789.6,1515.8,69.6,17.2,39.2,57.3,13.5,112.0,61.4,74.2,
2024-12-16,Dinner,113.5,2.7,0.6,0.5,0.4,0.0,0.0,15.0,270.0,21.7,2.0,6.3,4.6,0.0,11.3,0.2,2.9,
2024-12-16,Lunch,1191.7,34.3,5.5,1.7,12.4,0.0,0.0,265.9,1303.0,71.9,18.6,32.8,107.9,6.5,392.2,35.9,16.5,
2024-12-16,Mid Morning Snack,98.0,0.2,0.0,0.0,0.0,0.0,0.0,1.7,185.8,23.5,4.0,17.8,0.4,1.7,0.0,12.0,0.2,
2024-12-16,Pre Morning Workout,425.8,10.7,3.6,1.8,3.5,0.0,0.0,81.3,647.4,32.7,3.9,16.0,53.5,33.6,10.3,37.9,9.0,
2024-12-17,Breakfast,1016.9,73.4,19.9,6.3,22.0,0.0,871.5,785.2,1177.3,52.4,14.8,23.1,47.9,15.2,15.0,63.6,43.6,
2024-12-17,Dinner,113.5,2.7,0.6,0.5,0.4,0.0,0.0,15.0,270.0,21.7,2.0,6.3,4.6,0.0,11.3,0.2,2.9,
2024-12-17,Lunch,987.4,25.6,7.6,2.2,14.7,0.0,1.6,239.7,1254.5,54.1,19.8,31.0,95.2,4.4,335.9,36.3,33.1,
2024-12-17,Mid Morning Snack,523.8,10.9,3.6,1.8,3.5,0.0,0.0,83.0,833.2,56.2,7.9,33.8,53.9,35.3,10.3,49.9,9.2,
2024-12-18,Breakfast,1657.0,107.5,26.7,6.3,22.0,3.0,931.5,1425.2,1177.3,126.5,18.8,77.1,60.2,15.2,15.0,67.6,43.6,
2024-12-18,Lunch,554.8,2.7,0.6,0.5,0.4,0.0,0.0,15.0,270.0,21.7,2.0,6.3,70.3,0.0,11.3,0.2,2.9,
2024-12-18,Pre Morning Workout,530.8,11.1,3.8,1.9,3.6,0.0,0.0,82.5,1069.9,59.6,6.9,30.5,54.8,37.2,20.5,43.8,9.3,
2024-12-19,Breakfast,1382.2,91.7,23.7,6.3,22.0,1.5,901.5,1103.5,1465.7,96.8,19.0,56.7,59.2,42.3,154.4,158.4,43.6,
2024-12-19,Lunch,383.1,13.1,5.6,1.3,3.9,0.0,43.9,2681.6,350.5,41.9,7.0,13.3,26.8,4.0,16.2,36.9,18.2,
2024-12-20,Breakfast,1057.0,75.5,20.7,6.3,22.0,0.0,871.5,785.2,1177.3,52.5,14.8,23.1,54.2,15.2,15.0,63.6,43.6,
2024-12-20,Dinner,113.5,2.7,0.6,0.5,0.4,0.0,0.0,15.0,270.0,21.7,2.0,6.3,4.6,0.0,11.3,0.2,2.9,
2024-12-20,Lunch,766.6,25.9,5.9,1.8,12.0,0.0,81.2,258.1,310.8,34.7,14.2,17.4,79.6,0.0,115.9,29.1,24.0,
2024-12-20,Mid Morning Snack,320.8,10.3,3.5,1.7,3.5,0.0,0.0,80.1,225.0,5.7,0.8,1.6,52.2,30.1,0.0,32.0,8.7,
2024-12-21,Breakfast,1168.5,77.0,22.1,6.3,22.0,0.0,871.5,783.5,1228.6,70.5,13.9,34.5,60.7,27.9,84.7,158.0,43.5,
2024-12-21,Dinner,209.1,1.7,0.3,0.6,0.5,0.0,0.0,15.0,744.2,49.5,8.3,30.8,5.8,28.8,150.7,105.0,3.2,
2024-12-21,Lunch,774.7,16.5,2.4,1.6,12.0,0.0,0.0,172.9,390.1,50.9,12.0,33.6,75.1,0.0,136.0,30.9,5.0,
2024-12-21,Mid Morning Snack,425.8,10.7,3.6,1.8,3.5,0.0,0.0,81.3,647.4,32.7,3.9,16.0,53.5,33.6,10.3,37.9,9.0,
2024-12-22,Breakfast,1053.3,75.7,18.0,6.4,22.1,0.0,853.5,317.7,1409.5,56.4,15.9,26.4,52.9,24.9,133.2,84.0,20.4,
2024-12-22,Dinner,305.5,4.7,1.7,0.5,0.4,0.0,0.0,16.7,455.8,58.3,6.0,32.6,11.0,1.7,11.3,39.2,3.1,
2024-12-22,Lunch,1222.4,66.6,10.4,3.5,15.6,0.0,558.5,416.6,1375.6,48.8,12.3,31.4,104.6,0.0,138.4,36.1,26.6,
2024-12-22,Pre Morning Workout,425.8,10.7,3.6,1.8,3.5,0.0,0.0,81.3,647.4,32.7,3.9,16.0,53.5,33.6,10.3,37.9,9.0,
2024-12-23,Breakfast,1082.9,73.8,19.9,6.6,22.3,0.0,871.5,791.1,1359.6,70.8,18.4,34.4,49.1,13.5,76.4,57.2,46.1,
2024-12-23,Lunch,874.4,30.9,3.0,1.2,1.2,0.0,148.4,2116.2,585.7,50.4,9.3,22.9,95.7,0.0,47.9,27.2,4.4,
2024-12-23,Pre Morning Workout,418.8,10.5,3.5,1.7,3.5,0.0,0.0,81.8,410.8,29.2,4.8,19.4,52.6,31.8,0.0,44.0,8.9,
2024-12-24,Breakfast,1143.4,77.7,19.2,6.4,22.1,0.0,853.5,319.9,1353.4,68.6,14.7,34.2,58.6,10.5,112.0,62.7,21.2,
2024-12-24,Dinner,226.5,2.7,0.6,0.4,0.4,0.0,0.0,13.5,480.1,49.2,4.9,17.8,5.4,14.4,79.9,52.6,2.7,
2024-12-24,Lunch,773.6,44.8,1.5,0.0,0.0,0.0,90.5,72.5,587.7,50.0,0.8,1.9,42.8,0.0,5.4,0.9,7.9,
2024-12-24,Pre Morning Workout,425.8,10.7,3.6,1.8,3.5,0.0,0.0,81.3,647.4,32.7,3.9,16.0,53.5,33.6,10.3,37.9,9.0,
2024-12-25,Breakfast,933.9,75.2,18.0,6.3,22.0,0.0,853.5,315.5,991.5,26.5,10.8,2.6,50.8,10.5,15.0,27.6,19.4,
2024-12-25,Dinner,166.5,2.7,0.6,0.4,0.4,0.0,0.0,13.5,480.1,35.2,4.9,17.8,5.4,14.4,79.9,52.6,2.7,
2024-12-25,Lunch,1211.5,44.6,15.7,2.3,15.1,0.3,29.1,857.4,720.4,95.1,20.2,56.0,108.4,8.4,50.1,68.2,24.7,
2024-12-25,Mid Morning Snack,291.2,18.2,0.0,0.1,0.0,0.0,0.0,0.6,46.2,29.1,1.4,6.0,4.9,0.0,9.7,0.4,0.9,
2024-12-26,Breakfast,1421.9,79.3,22.0,7.0,22.3,0.0,871.5,859.4,1896.2,131.6,21.1,72.1,66.7,13.5,257.5,98.8,52.9,
2024-12-26,Lunch,1226.5,41.3,13.8,2.2,13.9,0.3,24.7,878.6,821.4,82.4,8.2,37.5,115.5,6.0,243.8,37.8,30.3,
2024-12-26,Pre Morning Workout,425.8,10.7,3.6,1.8,3.5,0.0,0.0,81.3,647.4,32.7,3.9,16.0,53.5,33.6,10.3,37.9,9.0,
2024-12-27,Breakfast,1053.0,77.1,21.8,6.3,22.0,0.0,871.5,783.5,991.5,42.1,10.8,13.8,59.8,13.5,15.0,78.6,43.4,
2024-12-27,Lunch,484.2,28.7,2.2,1.4,12.1,0.0,0.0,155.4,187.2,40.3,9.0,19.2,20.1,0.0,56.1,1.6,1.8,
2024-12-27,Pre Morning Workout,425.8,10.7,3.6,1.8,3.5,0.0,0.0,81.3,647.4,32.7,3.9,16.0,53.5,33.6,10.3,37.9,9.0,
2024-12-28,Breakfast,1016.9,73.4,19.9,6.3,22.0,0.0,871.5,785.2,1177.3,52.4,14.8,23.1,47.9,15.2,15.0,63.6,43.6,
2024-12-28,Pre Morning Workout,425.8,10.7,3.6,1.8,3.5,0.0,0.0,81.3,647.4,32.7,3.9,16.0,53.5,33.6,10.3,37.9,9.0,
2024-12-29,Breakfast,1154.9,77.9,21.5,6.4,22.1,0.0,871.5,787.4,1358.2,67.1,16.8,34.7,61.4,15.2,63.5,67.6,44.5,
2024-12-30,Breakfast,1198.1,79.6,23.5,6.4,22.1,0.0,889.5,1251.5,1646.7,74.2,19.5,41.8,62.6,56.3,207.6,220.4,67.8,
2024-12-30,Dinner,167.0,2.9,0.6,0.6,0.5,0.0,0.0,16.5,437.4,35.3,3.9,17.5,5.3,0.0,59.3,4.2,3.6,
2024-12-30,Lunch,531.6,1.5,0.2,0.4,0.0,0.0,0.0,230.0,614.0,35.4,12.4,16.5,62.9,5.9,299.6,7.9,9.6,
2024-12-30,Pre Morning Workout,425.8,10.7,3.6,1.8,3.5,0.0,0.0,81.3,647.4,32.7,3.9,16.0,53.5,33.6,10.3,37.9,9.0,
2024-12-31,Breakfast,1151.0,77.3,21.8,6.3,22.0,0.0,871.5,785.2,1177.3,65.6,14.8,31.6,60.2,15.2,15.0,90.6,43.6,
2024-12-31,Lunch,962.0,34.7,10.6,3.3,15.5,0.0,411.0,280.7,634.0,59.2,16.3,31.4,75.4,19.9,184.0,79.5,13.5,
2024-12-31,Pre Morning Workout,425.8,10.7,3.6,1.8,3.5,0.0,0.0,81.3,647.4,32.7,3.9,16.0,53.5,33.6,10.3,37.9,9.0,
2025-01-03,Breakfast,1308.5,84.0,25.8,6.7,24.7,0.0,873.1,788.5,1797.8,96.3,22.8,59.0,57.9,35.1,159.8,141.1,64.7,
2025-01-03,Lunch,923.1,27.9,6.2,3.5,16.0,0.0,411.0,303.5,669.6,41.0,12.1,23.2,92.9,0.0,125.2,33.3,18.0,
2025-01-06,Breakfast,1049.5,75.8,18.0,6.5,22.2,0.0,853.5,319.9,1353.3,55.5,14.8,25.8,52.6,10.5,112.0,35.6,21.2,
2025-01-06,Dinner,198.6,2.9,0.6,0.5,0.4,0.0,0.0,15.0,597.6,43.0,6.3,23.2,6.3,19.9,107.6,72.6,3.1,
2025-01-06,Lunch,788.8,17.3,2.8,1.4,12.4,0.0,0.0,342.7,582.1,34.2,8.6,24.1,84.3,5.5,220.0,30.9,10.1,
2025-01-06,Pre Morning Workout,425.8,10.7,3.6,1.8,3.5,0.0,0.0,81.3,647.4,32.7,3.9,16.0,53.5,33.6,10.3,37.9,9.0,
2025-01-07,Breakfast,1031.9,75.4,18.0,6.3,22.0,0.0,853.5,317.2,1177.3,50.0,14.8,20.4,51.2,12.2,15.0,39.6,19.6,
2025-01-07,Dinner,141.0,4.0,0.9,0.5,0.4,0.0,0.0,15.0,270.0,24.7,2.0,6.3,5.9,0.0,11.3,0.2,2.9,
2025-01-07,Lunch,943.6,17.1,2.5,1.8,11.9,0.0,0.0,611.6,565.2,80.5,22.6,15.1,87.5,18.3,117.7,31.5,18.2,
2025-01-07,Mid Morning Snack,483.6,11.0,3.6,1.9,3.6,0.0,0.0,83.5,828.3,47.2,5.9,27.6,54.4,33.6,58.8,41.9,9.9,
2025-01-09,Breakfast,991.8,73.3,17.2,6.3,22.0,0.0,853.5,317.2,1177.3,49.9,14.8,20.4,44.9,12.2,15.0,39.6,19.6,
2025-01-09,Dinner,141.0,4.0,0.9,0.5,0.4,0.0,0.0,15.0,270.0,24.7,2.0,6.3,5.9,0.0,11.3,0.2,2.9,
2025-01-09,Lunch,445.8,17.2,2.3,1.4,11.9,0.0,0.0,97.4,772.8,48.8,10.1,32.3,27.6,5.5,250.8,31.3,8.4,
2025-01-09,Pre Morning Workout,425.8,10.7,3.6,1.8,3.5,0.0,0.0,81.3,647.4,32.7,3.9,16.0,53.5,33.6,10.3,37.9,9.0,
2025-01-10,Breakfast,1016.9,73.4,19.9,6.3,22.0,0.0,871.5,785.2,1177.3,52.4,14.8,23.1,47.9,15.2,15.0,63.6,43.6,
2025-01-10,Lunch,900.5,31.8,5.9,3.3,15.5,0.0,411.0,150.6,352.6,29.9,5.7,19.7,89.6,0.0,33.8,30.0,11.7,
2025-01-10,Mid Morning Snack,320.8,10.3,3.5,1.7,3.5,0.0,0.0,80.1,225.0,5.7,0.8,1.6,52.2,30.1,0.0,32.0,8.7,
2025-01-11,Breakfast,1057.0,75.5,20.7,6.3,22.0,0.0,871.5,785.2,1177.3,52.5,14.8,23.1,54.2,15.2,15.0,63.6,43.6,
2025-01-11,Lunch,102.6,0.9,0.0,0.4,0.1,0.0,0.0,1.9,213.6,24.9,8.3,13.6,1.8,0.0,56.0,2.9,5.1,
2025-01-11,Mid Morning Snack,226.0,2.6,1.2,0.0,0.0,0.0,0.0,0.1,0.0,2.8,0.0,1.4,48.0,0.0,0.0,0.0,0.0,
2025-01-12,Breakfast,1107.2,76.2,18.1,6.5,22.2,0.0,853.5,322.0,1534.3,70.0,16.7,37.3,53.4,10.5,160.5,39.7,22.1,
2025-01-12,Dinner,158.2,4.2,1.0,0.6,0.5,0.0,0.0,18.0,324.0,28.4,2.4,7.5,6.5,0.0,13.6,0.2,3.5,
2025-01-12,Lunch,876.5,33.0,4.8,2.7,13.7,0.0,205.5,263.9,671.4,42.0,13.6,24.2,77.6,0.0,131.8,32.1,11.5,
2025-01-12,Pre Morning Workout,425.8,10.7,3.6,1.8,3.5,0.0,0.0,81.3,647.4,32.7,3.9,16.0,53.5,33.6,10.3,37.9,9.0,
2025-01-13,Breakfast,1074.7,73.7,19.9,6.4,22.1,0.0,871.5,787.4,1358.2,66.9,16.8,34.7,48.8,15.2,63.5,67.6,44.5,
2025-01-13,Dinner,370.0,19.0,11.0,0.0,0.0,0.0,0.0,10.0,0.0,71.9,5.9,0.0,5.3,0.0,0.0,0.0,0.0,
2025-01-13,Lunch,940.9,33.6,4.8,3.0,13.8,0.0,205.5,294.7,558.2,48.9,13.3,25.2,83.4,1.0,87.2,31.1,14.9,
2025-01-13,Mid Morning Snack,82.6,0.5,0.0,0.2,0.1,0.0,0.0,1.5,111.6,21.0,3.5,14.4,1.1,0.0,23.4,0.9,2.3,
2025-01-13,Pre Morning Workout,425.8,10.7,3.6,1.8,3.5,0.0,0.0,81.3,647.4,32.7,3.9,16.0,53.5,33.6,10.3,37.9,9.0,
2025-01-14,Breakfast,893.8,73.1,17.2,6.3,22.0,0.0,853.5,315.5,991.5,26.4,10.8,2.6,44.5,10.5,15.0,27.6,19.4,
2025-01-14,Dinner,243.3,4.4,1.0,0.6,0.5,0.0,0.0,18.0,651.6,49.7,6.7,24.4,8.2,19.9,109.9,72.6,3.7,
2025-01-14,Lunch,1119.4,35.4,5.7,3.2,14.5,0.0,205.5,504.8,1218.5,78.8,17.8,44.9,93.5,21.9,207.0,105.8,22.4,
2025-01-14,Mid Morning Snack,185.0,9.5,5.5,0.0,0.0,0.0,0.0,5.0,0.0,36.0,3.0,0.0,2.7,0.0,0.0,0.0,0.0,
2025-01-14,Pre Morning Workout,425.8,10.7,3.6,1.8,3.5,0.0,0.0,81.3,647.4,32.7,3.9,16.0,53.5,33.6,10.3,37.9,9.0,
2025-01-15,Breakfast,1016.9,73.4,19.9,6.3,22.0,0.0,871.5,785.2,1177.3,52.4,14.8,23.1,47.9,15.2,15.0,63.6,43.6,
2025-01-15,Dinner,198.6,2.9,0.6,0.5,0.4,0.0,0.0,15.0,597.6,43.0,6.3,23.2,6.3,19.9,107.6,72.6,3.1,
2025-01-15,Lunch,697.8,16.5,2.2,1.5,12.0,0.0,0.0,204.4,696.6,19.1,6.5,5.5,75.6,6.1,233.6,7.0,9.3,
2025-01-15,Mid Morning Snack,185.0,9.5,5.5,0.0,0.0,0.0,0.0,5.0,0.0,36.0,3.0,0.0,2.7,0.0,0.0,0.0,0.0,
2025-01-15,Pre Morning Workout,620.0,12.5,4.4,2.0,3.9,0.0,0.0,100.5,841.9,56.6,7.7,33.1,74.5,33.6,35.8,64.0,14.4,
2025-01-16,Breakfast,378.6,10.6,3.5,1.8,3.6,0.0,0.0,82.3,405.9,20.2,2.8,13.2,53.1,30.1,48.5,36.0,9.6,
2025-01-16,Dinner,113.5,2.7,0.6,0.5,0.4,0.0,0.0,15.0,270.0,21.7,2.0,6.3,4.6,0.0,11.3,0.2,2.9,
2025-01-16,Lunch,492.9,9.5,3.5,0.6,0.0,0.0,36.5,50.3,550.1,38.2,11.0,24.5,65.1,0.0,85.4,29.8,14.4,
2025-01-16,Mid Morning Snack,1017.9,81.1,18.8,6.3,22.0,0.0,853.5,315.5,991.5,26.8,10.8,2.6,59.5,10.5,15.0,27.6,19.4,
2025-01-17,Breakfast,1019.0,75.4,18.0,6.3,22.0,0.0,853.5,315.5,1319.1,47.8,15.1,19.5,52.5,30.4,111.3,100.0,19.6,
2025-01-17,Lunch,909.8,47.1,8.7,3.8,15.7,0.0,411.0,151.3,592.5,49.5,15.1,30.2,76.9,0.0,119.3,37.3,16.6,
2025-01-17,Pre Morning Workout,425.8,10.7,3.6,1.8,3.5,0.0,0.0,81.3,647.4,32.7,3.9,16.0,53.5,33.6,10.3,37.9,9.0,
2025-01-18,Breakfast,1093.3,79.7,18.1,6.4,22.1,0.0,853.5,319.9,1353.4,55.7,14.7,25.7,55.0,10.5,112.0,35.7,21.2,
2025-01-18,Dinner,226.0,2.6,1.2,0.0,0.0,0.0,0.0,0.1,0.0,2.8,0.0,1.4,48.0,0.0,0.0,0.0,0.0,
2025-01-18,Lunch,842.3,25.1,1.8,0.1,0.1,0.0,0.0,51.4,361.9,33.9,4.6,24.7,78.6,0.0,97.0,8.1,1.8,
2025-01-19,Breakfast,1074.5,76.0,20.8,6.4,22.1,0.0,871.5,787.9,1353.4,58.0,14.7,28.4,55.6,13.5,112.0,59.7,45.2,
2025-01-19,Pre Morning Workout,588.6,11.4,3.7,2.0,3.6,0.0,0.0,84.7,1250.7,74.2,9.0,42.0,55.7,37.1,69.1,47.8,10.2,
2025-01-20,Breakfast,1049.5,75.8,18.0,6.5,22.2,0.0,853.5,319.9,1353.3,55.5,14.8,25.8,52.6,10.5,112.0,35.6,21.2,
2025-01-20,Dinner,256.6,4.6,0.9,0.7,0.6,0.0,0.0,19.4,631.8,53.7,6.0,29.5,7.7,0.0,108.3,8.2,4.7,
2025-01-20,Lunch,800.5,20.6,4.1,2.0,12.9,0.0,10.4,217.3,518.7,50.0,14.4,28.2,70.0,0.0,114.5,18.4,7.6,
2025-01-20,Mid Morning Snack,425.8,10.7,3.6,1.8,3.5,0.0,0.0,81.3,647.4,32.7,3.9,16.0,53.5,33.6,10.3,37.9,9.0,
2025-01-21,Breakfast,1415.4,85.9,26.2,6.6,22.3,0.0,871.5,796.8,1720.0,132.0,23.8,57.9,59.6,15.2,160.5,75.6,46.3,
2025-01-21,Pre Morning Workout,425.8,10.7,3.6,1.8,3.5,0.0,0.0,81.3,647.4,32.7,3.9,16.0,53.5,33.6,10.3,37.9,9.0,
2025-01-22,Breakfast,1161.8,82.5,25.5,6.6,25.0,0.0,871.5,797.5,1353.4,69.4,18.1,35.4,51.9,13.5,112.0,59.7,48.8,
2025-01-22,Dinner,198.6,2.9,0.6,0.5,0.4,0.0,0.0,15.0,597.6,43.0,6.3,23.2,6.3,19.9,107.6,72.6,3.1,
2025-01-22,Lunch,1000.4,26.3,7.9,1.9,14.9,0.0,0.0,158.7,1310.5,69.7,20.1,40.0,90.2,5.2,355.0,36.7,17.8,
2025-01-23,Breakfast,1089.1,73.6,19.9,6.3,22.0,0.0,871.5,783.5,1646.7,71.5,19.4,39.1,50.9,53.3,207.6,196.4,43.8,
2025-01-23,Lunch,921.8,46.5,8.7,3.2,15.6,0.0,411.0,148.5,574.3,54.6,10.4,38.9,76.5,19.9,120.4,102.1,11.8,
2025-01-24,Breakfast,1235.3,76.0,20.8,6.6,22.3,0.0,871.5,788.9,1833.9,98.9,25.1,56.6,57.9,53.3,220.5,198.0,45.6,
2025-01-24,Lunch,369.1,4.3,1.0,1.2,0.7,0.0,0.0,42.3,593.9,62.4,10.1,30.0,26.8,0.0,64.9,26.7,8.6,
2025-01-24,Pre Morning Workout,425.8,10.7,3.6,1.8,3.5,0.0,0.0,81.3,647.4,32.7,3.9,16.0,53.5,33.6,10.3,37.9,9.0,
2025-01-25,Breakfast,1065.2,75.6,20.7,6.5,22.2,0.0,871.5,788.9,1178.7,56.4,16.4,22.8,54.5,13.5,27.9,53.2,45.2,
2025-01-25,Dinner,60.0,0.0,0.0,0.0,0.0,0.0,0.0,0.0,0.0,14.0,0.0,0.0,0.0,0.0,0.0,0.0,0.0,
2025-01-25,Lunch,770.4,18.3,1.4,0.4,0.6,0.0,41.1,65.3,200.4,33.7,6.3,19.8,75.4,0.0,12.9,2.1,2.7,
2025-01-25,Mid Morning Snack,226.0,2.6,1.2,0.0,0.0,0.0,0.0,0.1,0.0,2.8,0.0,1.4,48.0,0.0,0.0,0.0,0.0,
2025-01-26,Breakfast,425.8,10.7,3.6,1.8,3.5,0.0,0.0,81.3,647.4,32.7,3.9,16.0,53.5,33.6,10.3,37.9,9.0,
2025-01-26,Dinner,300.8,3.3,0.8,0.7,0.6,0.0,0.0,18.0,979.2,67.9,11.1,41.3,8.6,39.8,206.2,145.0,3.9,
2025-01-26,Lunch,1091.3,29.1,6.2,3.6,16.1,0.0,411.0,263.9,1614.6,69.8,17.9,40.9,104.5,5.6,422.8,45.0,27.0,
2025-01-26,Mid Morning Snack,172.4,6.2,1.9,1.2,2.3,0.0,0.0,60.1,112.5,3.2,0.6,0.9,26.4,22.5,0.0,23.5,4.4,
2025-01-27,Breakfast,951.6,73.4,17.2,6.4,22.1,0.0,853.5,317.7,1172.4,40.9,12.8,14.2,45.4,10.5,63.5,31.6,20.3,
2025-01-27,Dinner,141.0,4.0,0.9,0.5,0.4,0.0,0.0,15.0,270.0,24.7,2.0,6.3,5.9,0.0,11.3,0.2,2.9,
2025-01-27,Lunch,1005.4,27.6,5.6,3.3,15.6,0.0,411.0,259.8,1609.9,74.0,17.1,47.1,91.1,25.4,445.6,111.3,21.5,
2025-01-27,Mid Morning Snack,94.0,1.8,1.1,0.0,0.0,0.0,0.0,0.0,0.0,13.1,0.0,8.5,6.0,0.0,0.0,27.0,0.0,
2025-01-27,Pre Morning Workout,530.8,11.1,3.7,1.9,3.5,0.0,0.0,82.5,1069.8,59.7,7.0,30.4,54.8,37.1,20.6,43.8,9.3,
2025-01-28,After Workout Protein,320.8,10.3,3.5,1.7,3.5,0.0,0.0,80.1,225.0,5.7,0.8,1.6,52.2,30.1,0.0,32.0,8.7,
2025-01-28,Breakfast,1081.8,76.7,19.4,6.3,22.0,0.0,853.5,315.5,991.5,52.6,10.8,19.6,56.5,10.5,15.0,81.6,19.4,
2025-01-28,Dinner,666.1,5.1,1.0,0.4,0.2,0.0,0.0,24.2,500.5,134.3,21.2,48.8,32.1,0.0,126.1,33.2,4.6,
2025-01-28,Lunch,763.7,17.2,2.4,1.9,12.2,0.0,0.0,564.9,327.6,45.7,10.3,18.7,71.1,22.7,96.3,73.8,10.7,
2025-01-28,Mid Morning Snack,85.1,0.2,0.0,0.0,0.0,0.0,0.0,0.0,327.6,21.3,4.3,16.9,1.7,19.9,96.3,72.4,0.2,
2025-01-29,Breakfast,1393.7,85.4,21.8,8.0,25.5,0.0,853.5,395.6,1544.1,66.5,15.9,29.6,104.4,60.5,111.3,159.0,28.3,
2025-01-29,Dinner,334.0,3.6,0.6,0.0,0.0,0.0,0.0,0.0,0.0,72.0,13.0,1.2,10.0,0.0,0.0,0.0,0.0,
2025-01-29,Lunch,870.9,24.0,5.0,1.7,12.2,0.0,0.0,22.9,734.6,79.3,19.5,24.8,79.8,0.0,24.1,24.9,2.3,
2025-01-30,Breakfast,489.3,26.2,7.3,8.3,8.9,0.0,0.0,80.1,225.0,9.1,2.9,2.0,56.4,30.1,0.0,32.0,8.7,
2025-01-30,Dinner,586.1,5.6,0.9,0.0,0.0,0.0,0.0,0.0,327.6,129.3,23.8,18.7,16.7,19.9,96.3,72.4,0.2,
2025-01-30,Lunch,1300.0,78.0,19.3,6.6,22.0,0.0,853.5,335.0,1489.4,85.7,20.6,45.6,79.1,30.4,147.8,153.5,23.2,
2025-01-30,Mid Morning Snack,115.5,0.7,0.1,0.1,0.1,0.0,0.0,4.4,361.9,29.0,3.9,23.1,1.8,0.0,97.0,8.1,1.8,
2025-01-31,Breakfast,1076.8,75.7,18.0,6.4,22.1,0.0,853.5,317.7,1500.0,62.3,17.1,31.1,53.4,30.4,159.8,104.0,20.5,
2025-01-31,Lunch,846.3,46.5,8.7,3.4,15.6,0.0,411.0,148.8,315.8,35.0,8.4,22.3,75.4,0.0,39.1,31.2,13.1,
2025-01-31,Mid Morning Snack,425.8,10.7,3.6,1.8,3.5,0.0,0.0,81.3,647.4,32.7,3.9,16.0,53.5,33.6,10.3,37.9,9.0,
2025-02-01,Breakfast,1036.2,76.3,18.4,6.3,22.0,0.0,853.5,315.5,1319.1,47.8,15.1,19.5,55.2,30.4,111.3,100.0,19.6,
2025-02-01,Lunch,838.9,44.4,11.9,0.3,0.3,0.0,139.2,557.8,374.4,59.9,11.9,36.9,55.2,0.0,27.2,6.1,27.9,
2025-02-01,Mid Morning Snack,226.0,2.6,1.2,0.0,0.0,0.0,0.0,0.1,0.0,2.8,0.0,1.4,48.0,0.0,0.0,0.0,0.0,
2025-02-02,Breakfast,1080.1,80.1,18.4,6.3,22.0,0.0,853.5,315.5,1319.1,48.0,15.1,19.5,57.6,30.4,111.3,100.0,19.6,
2025-02-02,Lunch,1029.2,54.6,13.5,3.3,15.6,0.0,411.0,148.8,595.1,59.5,11.0,41.6,80.7,19.9,124.8,102.3,12.2,
2025-02-02,Pre Morning Workout,425.8,10.7,3.6,1.8,3.5,0.0,0.0,81.3,647.4,32.7,3.9,16.0,53.5,33.6,10.3,37.9,9.0,
2025-02-03,Breakfast,883.2,62.2,18.3,6.5,22.2,0.0,853.5,314.2,1178.7,52.3,16.1,19.7,44.2,10.5,27.9,29.2,21.2,
2025-02-03,Dinner,619.1,5.9,1.4,0.4,0.4,0.0,0.0,19.6,638.5,117.1,26.0,31.7,33.6,19.9,154.5,101.2,8.5,
2025-02-03,Lunch,865.8,49.9,18.1,4.7,22.5,0.0,80.6,1193.4,486.2,71.2,4.2,5.5,31.5,0.0,5.6,13.3,29.8,
2025-02-03,Pre Morning Workout,483.8,21.3,6.1,5.7,7.3,0.0,0.0,81.6,408.2,22.2,4.4,12.1,55.2,30.1,16.5,35.2,12.5,
2025-02-04,Breakfast,823.9,60.1,17.5,6.3,22.0,0.0,853.5,308.8,1319.1,46.1,14.8,19.1,39.2,30.4,111.3,100.0,19.6,
2025-02-04,Dinner,334.0,3.6,0.6,0.0,0.0,0.0,0.0,0.0,0.0,72.0,13.0,1.2,10.0,0.0,0.0,0.0,0.0,
2025-02-04,Lunch,947.1,47.9,9.3,3.4,15.9,0.0,411.0,148.8,739.9,56.6,14.2,37.4,78.1,19.9,145.9,104.8,17.0,
2025-02-04,Pre Morning Workout,425.8,10.7,3.6,1.8,3.5,0.0,0.0,81.3,647.4,32.7,3.9,16.0,53.5,33.6,10.3,37.9,9.0,
2025-02-05,Breakfast,446.0,23.0,6.6,6.3,8.0,0.0,0.0,80.7,350.2,7.9,2.2,2.0,54.9,30.1,0.2,35.0,11.3,
2025-02-05,Dinner,334.0,3.6,0.6,0.0,0.0,0.0,0.0,0.0,0.0,72.0,13.0,1.2,10.0,0.0,0.0,0.0,0.0,
2025-02-05,Lunch,1499.7,75.2,23.9,8.0,24.6,0.0,933.2,864.1,1685.4,124.7,25.7,64.6,101.5,29.0,105.3,102.6,54.8,
2025-02-05,Mid Morning Snack,85.1,0.2,0.0,0.0,0.0,0.0,0.0,0.0,327.6,21.3,4.3,16.9,1.7,19.9,96.3,72.4,0.2,
2025-02-06,Breakfast,439.4,22.4,6.4,6.1,7.8,0.0,0.0,80.6,343.6,7.8,2.1,2.0,54.8,30.1,0.2,34.9,11.1,
2025-02-06,Dinner,569.0,7.3,1.4,0.8,1.2,0.0,0.0,41.8,185.8,97.5,17.4,19.8,35.1,16.7,0.0,27.0,0.2,
2025-02-06,Lunch,1080.0,66.7,21.1,6.7,22.2,0.0,871.5,780.8,1311.0,68.2,16.8,34.4,62.1,13.5,92.6,56.7,47.1,
2025-02-06,Mid Morning Snack,117.6,0.2,0.0,0.0,0.0,0.0,0.0,2.1,222.9,28.2,4.7,21.4,0.5,2.1,0.0,14.4,0.2,
2025-02-06,Pre Morning Workout,105.0,0.4,0.1,0.1,0.0,0.0,0.0,1.2,422.4,27.0,3.1,14.4,1.3,3.5,10.3,5.9,0.3,
2025-02-07,Breakfast,432.8,21.7,6.2,5.8,7.6,0.0,0.0,80.6,337.0,7.7,2.1,2.0,54.6,30.1,0.2,34.7,11.0,
2025-02-07,Dinner,419.1,3.8,0.6,0.0,0.0,0.0,0.0,0.0,327.6,93.3,17.3,18.1,11.7,19.9,96.3,72.4,0.2,
2025-02-07,Lunch,974.7,26.5,5.5,3.3,15.6,0.0,411.0,149.1,338.5,36.7,7.1,24.0,103.6,0.5,86.8,30.7,12.9,
2025-02-07,Mid Morning Snack,85.1,0.2,0.0,0.0,0.0,0.0,0.0,0.0,327.6,21.3,4.3,16.9,1.7,19.9,96.3,72.4,0.2,
2025-02-07,Pre Morning Workout,695.6,10.0,1.7,3.4,2.9,0.0,0.0,10.6,1023.4,134.9,19.4,22.9,20.6,4.2,10.3,18.3,34.8,
2025-02-08,Breakfast,830.9,64.3,20.5,6.3,22.0,0.0,871.5,783.4,991.5,28.0,10.8,4.5,48.4,13.5,15.0,51.6,43.4,
2025-02-08,Lunch,666.7,46.0,15.7,2.4,2.4,0.0,172.0,664.5,65.9,5.6,1.5,1.5,61.1,0.0,1.9,5.1,31.4,
2025-02-08,Mid Morning Snack,220.0,2.0,1.0,0.0,0.0,0.0,60.0,100.0,0.0,4.0,0.0,2.0,48.0,0.0,0.0,20.0,0.0,
2025-02-09,Lunch,2294.1,134.0,41.3,9.0,13.3,0.5,225.4,1436.0,1321.1,179.9,23.0,107.6,112.6,32.4,165.7,106.9,60.4,
2025-02-09,Mid Morning Snack,268.0,6.4,1.4,1.6,2.4,0.0,60.0,180.0,0.0,5.2,0.8,2.2,49.4,30.0,0.0,50.0,0.0,
2025-02-10,After Workout Protein,325.4,12.7,3.6,3.9,3.8,0.0,60.0,100.5,105.4,5.9,1.2,2.4,50.3,0.0,0.2,22.6,2.2,
2025-02-10,Dinner,418.8,10.5,3.5,1.7,3.5,0.0,0.0,81.8,410.8,29.2,4.8,19.4,52.6,31.8,0.0,44.0,8.9,
2025-02-10,Lunch,1653.1,93.5,20.9,7.9,24.2,0.0,1059.0,469.7,2361.3,142.6,21.1,86.6,80.0,10.5,74.4,63.6,39.4,
2025-02-10,Mid Morning Snack,391.8,3.9,0.6,0.1,0.1,0.0,0.0,2.2,180.9,86.5,15.0,12.8,10.9,0.0,48.5,4.0,0.9,
2025-02-10,Pre Morning Workout,105.0,0.4,0.1,0.1,0.0,0.0,0.0,1.2,422.4,27.0,3.1,14.4,1.3,3.5,10.3,5.9,0.3,
2025-02-11,Breakfast,877.5,65.7,17.8,6.4,22.1,0.0,853.5,317.6,1172.4,40.0,12.8,13.4,47.0,10.5,63.5,31.6,20.3,
2025-02-11,Dinner,334.0,3.6,0.6,0.0,0.0,0.0,0.0,0.0,0.0,72.0,13.0,1.2,10.0,0.0,0.0,0.0,0.0,
2025-02-11,Lunch,1055.0,32.9,2.5,1.8,12.1,0.0,0.0,243.7,806.5,72.1,13.0,43.4,84.3,0.0,132.2,32.6,6.0,
2025-02-11,Mid Morning Snack,320.8,10.3,3.5,1.7,3.5,0.0,0.0,80.1,225.0,5.7,0.8,1.6,52.2,30.1,0.0,32.0,8.7,
2025-02-11,Pre Morning Workout,105.0,0.4,0.1,0.1,0.0,0.0,0.0,1.2,422.4,27.0,3.1,14.4,1.3,3.5,10.3,5.9,0.3,
2025-02-12,Breakfast,446.0,23.0,6.6,6.3,8.0,0.0,0.0,80.7,350.2,7.9,2.2,2.0,54.9,30.1,0.2,35.0,11.3,
2025-02-12,Dinner,334.0,3.6,0.6,0.0,0.0,0.0,0.0,0.0,0.0,72.0,13.0,1.2,10.0,0.0,0.0,0.0,0.0,
2025-02-12,Lunch,1408.3,85.0,20.8,9.0,26.3,0.0,1119.0,563.8,1424.2,72.5,17.6,33.5,104.8,42.2,63.5,96.0,25.1,
2025-02-12,Mid Morning Snack,57.8,0.3,0.0,0.1,0.1,0.0,0.0,2.2,180.9,14.5,2.0,11.6,0.9,0.0,48.5,4.0,0.9,
2025-02-12,Pre Morning Workout,105.0,0.4,0.1,0.1,0.0,0.0,0.0,1.2,422.4,27.0,3.1,14.4,1.3,3.5,10.3,5.9,0.3,
2025-02-13,Breakfast,877.5,65.7,17.8,6.4,22.1,0.0,853.5,317.6,1172.4,40.0,12.8,13.4,47.0,10.5,63.5,31.6,20.3,
2025-02-13,Lunch,926.2,35.3,7.9,6.1,17.9,0.0,606.5,474.1,1274.2,42.5,15.3,23.2,108.3,0.0,146.4,36.8,31.0,
2025-02-13,Mid Morning Snack,268.0,6.4,1.4,1.6,2.4,0.0,60.0,180.0,0.0,5.2,0.8,2.2,49.4,30.0,0.0,50.0,0.0,
2025-02-13,Pre Morning Workout,105.0,0.4,0.1,0.1,0.0,0.0,0.0,1.2,422.4,27.0,3.1,14.4,1.3,3.5,10.3,5.9,0.3,
2025-02-14,Breakfast,877.5,65.7,17.8,6.4,22.1,0.0,853.5,317.6,1172.4,40.0,12.8,13.4,47.0,10.5,63.5,31.6,20.3,
2025-02-14,Lunch,1013.5,39.1,9.5,6.4,18.9,0.0,632.0,357.3,2052.4,43.0,11.9,25.8,120.6,0.0,138.7,38.9,39.1,
2025-02-14,Mid Morning Snack,268.0,6.4,1.4,1.6,2.4,0.0,60.0,180.0,0.0,5.2,0.8,2.2,49.4,30.0,0.0,50.0,0.0,
2025-02-14,Pre Morning Workout,105.0,0.4,0.1,0.1,0.0,0.0,0.0,1.2,422.4,27.0,3.1,14.4,1.3,3.5,10.3,5.9,0.3,
2025-02-15,Breakfast,1035.5,71.1,18.7,8.0,24.5,0.0,883.5,447.6,1172.4,43.2,13.6,14.6,72.4,40.5,63.5,71.6,20.3,
2025-02-15,Lunch,663.9,34.4,4.0,2.1,2.1,0.0,170.0,1820.4,692.9,32.5,3.1,12.5,65.2,0.0,48.5,6.0,12.9,
2025-02-15,Mid Morning Snack,220.0,2.0,1.0,0.0,0.0,0.0,60.0,100.0,0.0,4.0,0.0,2.0,48.0,0.0,0.0,20.0,0.0,
2025-02-16,Breakfast,877.5,65.7,17.8,6.4,22.1,0.0,853.5,317.6,1172.4,40.0,12.8,13.4,47.0,10.5,63.5,31.6,20.3,
2025-02-16,Dinner,401.8,3.9,0.6,0.1,0.1,0.0,0.0,2.2,180.9,86.5,15.0,12.8,10.9,0.0,48.5,4.0,0.9,
2025-02-16,Lunch,1054.4,45.6,10.2,5.7,18.0,0.0,577.6,453.7,1489.8,47.2,13.9,28.8,113.2,0.0,158.8,317.4,31.7,
2025-02-16,Pre Morning Workout,425.8,10.7,3.6,1.8,3.5,0.0,0.0,81.3,647.4,32.7,3.9,16.0,53.5,33.6,10.3,37.9,9.0,
2025-02-17,After Workout Protein,428.4,19.4,4.5,6.4,6.9,0.0,60.0,181.7,293.5,15.8,4.4,8.0,52.8,30.9,108.0,54.8,5.1,
2025-02-17,Dinner,588.8,5.7,0.9,0.1,0.1,0.0,0.0,2.2,180.9,122.5,21.5,13.4,15.9,0.0,48.5,4.0,0.9,
2025-02-17,Lunch,1371.6,71.5,14.8,7.3,21.4,0.0,994.5,430.8,1291.1,49.2,11.4,32.4,130.6,1.1,202.9,323.6,37.1,
2025-02-18,Dinner,512.0,9.0,1.5,1.6,2.4,0.0,30.0,130.0,0.0,75.2,13.8,2.4,35.4,30.0,0.0,40.0,0.0,
2025-02-18,Lunch,1102.5,71.7,18.0,4.4,17.5,0.0,616.5,197.8,705.1,41.6,12.1,24.8,78.9,1.0,196.9,295.7,20.5,
2025-02-18,Mid Morning Snack,393.2,19.1,4.5,6.2,6.9,0.0,60.0,180.6,125.2,7.4,2.2,2.6,52.1,30.0,0.2,53.0,2.6,
2025-02-19,Breakfast,393.2,19.1,4.5,6.2,6.9,0.0,60.0,180.6,125.2,7.4,2.2,2.6,52.1,30.0,0.2,53.0,2.6,
2025-02-19,Dinner,158.0,5.4,0.9,1.6,2.4,0.0,30.0,130.0,0.0,3.2,0.8,1.2,25.4,30.0,0.0,40.0,0.0,
2025-02-19,Lunch,1413.3,101.2,25.0,10.4,39.3,0.0,1059.0,457.2,2229.3,66.0,26.7,19.2,80.2,22.2,191.0,76.9,35.4,
2025-02-19,Mid Morning Snack,314.6,22.4,3.6,0.0,0.0,0.0,0.0,1.7,185.8,25.7,5.4,18.5,2.6,1.7,0.0,12.0,0.2,
2025-02-19,Pre Morning Workout,105.0,0.4,0.1,0.1,0.0,0.0,0.0,1.2,422.4,27.0,3.1,14.4,1.3,3.5,10.3,5.9,0.3,
2025-02-20,After Workout Protein,386.6,18.5,4.3,6.0,6.7,0.0,60.0,180.5,118.6,7.3,2.1,2.6,52.0,30.0,0.2,52.9,2.4,
2025-02-20,Dinner,492.0,9.0,1.5,1.6,2.4,0.0,30.0,130.0,0.0,75.2,13.8,2.4,35.4,30.0,0.0,40.0,0.0,
2025-02-20,Lunch,1133.0,72.6,23.6,7.9,24.6,0.0,1077.0,868.2,1542.7,57.0,18.6,21.6,77.4,14.7,189.9,83.5,60.0,
2025-02-20,Mid Morning Snack,211.7,21.8,3.7,0.3,9.3,0.0,0.0,28.5,0.0,1.8,0.9,0.5,2.2,0.0,0.0,0.0,2.9,
2025-02-20,Pre Morning Workout,105.0,0.4,0.1,0.1,0.0,0.0,0.0,1.2,422.4,27.0,3.1,14.4,1.3,3.5,10.3,5.9,0.3,
2025-02-21,After Workout Protein,386.6,18.5,4.3,6.0,6.7,0.0,60.0,180.5,118.6,7.3,2.1,2.6,52.0,30.0,0.2,52.9,2.4,
2025-02-21,Lunch,1255.0,84.5,21.0,7.8,24.6,0.0,1059.0,400.3,1574.7,59.5,17.1,20.4,78.7,12.4,250.2,59.1,35.3,
2025-02-21,Mid Morning Snack,215.2,22.1,3.8,0.3,9.3,0.0,0.0,28.5,0.0,1.8,0.9,0.5,2.2,0.0,0.0,0.0,2.9,
2025-02-21,Pre Morning Workout,105.0,0.4,0.1,0.1,0.0,0.0,0.0,1.2,422.4,27.0,3.1,14.4,1.3,3.5,10.3,5.9,0.3,
2025-02-22,Breakfast,1035.9,70.2,17.4,6.6,22.1,0.0,853.5,335.8,1335.8,50.7,15.3,20.2,62.6,12.3,235.5,55.2,24.5,
2025-02-22,Lunch,633.3,24.3,3.1,2.0,2.0,0.0,168.3,195.2,692.7,29.7,4.7,20.1,69.6,1.7,0.0,14.0,12.1,
2025-02-22,Mid Morning Snack,220.0,2.0,1.0,0.0,0.0,0.0,60.0,100.0,0.0,4.0,0.0,2.0,48.0,0.0,0.0,20.0,0.0,
